GEO_AREA,GEO_AREA_CODE,MACRO_GEO_AREA,CONTINENT,TIME_PERIOD,NPLAYER,NFIRM,NGOV,NRES,NPLAYER_PAT,NFIRM_PAT,NPAT,NPAT_AVG_PL,NPAT_AVG_F,NPLAYER_RD,NFIRM_RD,NRES_RD,NPLAYER_PUB,GDP_BN_EURPPS,GDP_YEAR,BERD_M_EURPPS,BERD_YEAR,GERD_M_EURPPS,GERD_YEAR,POP_M,POP_YEAR,NPLAYER_GDP,NPLAYER_BERD,NPLAYER_GERD,RDSCORE_SUM,RDSCORE_AVG,RDSCORE_SUM_EUPR,RDSCORE_AVG_EUPR,FIRM_AIACTIV_TYPE1,FIRM_AIACTIV_TYPE2,FIRM_AIACTIV_TYPE3,PERC_F_AGE_00_05,PERC_F_AGE_05_10,PERC_F_AGE_11_20,PERC_F_AGE_21_99,PERC_F_SIZE_S,PERC_F_SIZE_M,PERC_F_SIZE_L,PERC_F_SIZE_VL,PERC_F_SECTOR_C,PERC_F_SECTOR_F,PERC_F_SECTOR_G,PERC_F_SECTOR_J,PERC_F_SECTOR_M,PERC_F_SECTOR_REST
_Total_,_Total_,_Total_,_Total_,2009-2018,31042,28099,215,2728,10873,9058,29247,2.689874,1.947607,12567,9726,2627,1856,NA,-,NA,-,NA,-,NA,-,NA,NA,NA,NA,NA,NA,NA,NA,NA,NA,NA,NA,NA,NA,NA,NA,NA,NA,NA,NA,NA,NA,NA,NA
_Total_,_Total_,_Total_,Africa,2009-2018,301,274,1,26,65,63,62.53333333,0.9620513,0.9449735,100,74,25,35,NA,-,NA,-,NA,-,NA,-,NA,NA,NA,0.27467466,0.006387963,NA,NA,NA,NA,NA,23.9,37.5,26.6,12,91.4,5,1.8,1.8,8.5,5.6,30.8,20.5,11.2,23.6
Algeria,DZ,Africa,Africa,2009-2018,5,3,0,2,0,0,0.00,0.00,0.00,4,2,2,4,NA,-,NA,-,NA,-,NA,-,NA,NA,NA,NA,NA,NA,NA,1,0,0,NA,NA,NA,NA,NA,NA,NA,NA,NA,NA,NA,NA,NA,NA
Benin,BJ,Africa,Africa,2009-2018,27,25,0,2,5,4,5.50,1.10,0.88,8,6,2,3,NA,-,NA,-,NA,-,NA,-,NA,NA,NA,NA,NA,NA,NA,19,0,4,NA,NA,NA,NA,NA,NA,NA,NA,NA,NA,NA,NA,NA,NA
Botswana,BW,Africa,Africa,2009-2018,1,1,0,0,0,0,0.00,0.00,0.00,0,0,0,0,NA,-,NA,-,NA,-,NA,-,NA,NA,NA,NA,NA,NA,NA,1,0,0,NA,NA,NA,NA,NA,NA,NA,NA,NA,NA,NA,NA,NA,NA
Cameroon,CM,Africa,Africa,2009-2018,13,7,0,6,2,2,2.33,1.17,1.17,8,3,5,6,NA,-,NA,-,NA,-,NA,-,NA,NA,NA,NA,NA,NA,NA,4,0,2,NA,NA,NA,NA,NA,NA,NA,NA,NA,NA,NA,NA,NA,NA
"Congo, the Democratic Republic of the",CD,Africa,Africa,2009-2018,1,1,0,0,0,0,0.00,0.00,0.00,0,0,0,0,NA,-,NA,-,NA,-,NA,-,NA,NA,NA,NA,NA,NA,NA,1,0,0,NA,NA,NA,NA,NA,NA,NA,NA,NA,NA,NA,NA,NA,NA
Cote d'Ivoire,CI,Africa,Africa,2009-2018,4,4,0,0,0,0,0.00,0.00,0.00,0,0,0,0,NA,-,NA,-,NA,-,NA,-,NA,NA,NA,NA,NA,NA,NA,4,0,0,NA,NA,NA,NA,NA,NA,NA,NA,NA,NA,NA,NA,NA,NA
Egypt,EG,Africa,Africa,2009-2018,25,24,0,1,3,3,1.00,0.33,0.33,5,4,1,2,NA,-,NA,-,NA,-,NA,-,NA,NA,NA,NA,NA,NA,NA,21,0,3,NA,NA,NA,NA,NA,NA,NA,NA,NA,NA,NA,NA,NA,NA
Ghana,GH,Africa,Africa,2009-2018,14,13,0,1,1,1,1.00,1.00,1.00,2,1,1,1,NA,-,NA,-,NA,-,NA,-,NA,NA,NA,NA,NA,NA,NA,12,0,1,NA,NA,NA,NA,NA,NA,NA,NA,NA,NA,NA,NA,NA,NA
Guinea,GN,Africa,Africa,2009-2018,2,2,0,0,0,0,0.00,0.00,0.00,0,0,0,0,NA,-,NA,-,NA,-,NA,-,NA,NA,NA,NA,NA,NA,NA,2,0,0,NA,NA,NA,NA,NA,NA,NA,NA,NA,NA,NA,NA,NA,NA
Kenya,KE,Africa,Africa,2009-2018,14,14,0,0,2,2,5.00,2.50,2.50,2,2,0,0,NA,-,NA,-,NA,-,NA,-,NA,NA,NA,NA,NA,NA,NA,12,0,2,NA,NA,NA,NA,NA,NA,NA,NA,NA,NA,NA,NA,NA,NA
Liberia,LR,Africa,Africa,2009-2018,2,2,0,0,0,0,0.00,0.00,0.00,0,0,0,0,NA,-,NA,-,NA,-,NA,-,NA,NA,NA,NA,NA,NA,NA,2,0,0,NA,NA,NA,NA,NA,NA,NA,NA,NA,NA,NA,NA,NA,NA
Madagascar,MG,Africa,Africa,2009-2018,2,2,0,0,0,0,0.00,0.00,0.00,0,0,0,0,NA,-,NA,-,NA,-,NA,-,NA,NA,NA,NA,NA,NA,NA,2,0,0,NA,NA,NA,NA,NA,NA,NA,NA,NA,NA,NA,NA,NA,NA
Mauritius,MU,Africa,Africa,2009-2018,6,6,0,0,3,3,2.50,0.83,0.83,3,3,0,0,NA,-,NA,-,NA,-,NA,-,NA,NA,NA,NA,NA,NA,NA,3,0,3,NA,NA,NA,NA,NA,NA,NA,NA,NA,NA,NA,NA,NA,NA
Morocco,MA,Africa,Africa,2009-2018,52,49,1,2,22,22,24.83,1.13,1.13,26,23,2,4,NA,-,NA,-,NA,-,NA,-,NA,NA,NA,NA,NA,NA,NA,26,0,22,NA,NA,NA,NA,NA,NA,NA,NA,NA,NA,NA,NA,NA,NA
Mozambique,MZ,Africa,Africa,2009-2018,3,2,0,1,1,1,0.50,0.50,0.50,2,1,1,1,NA,-,NA,-,NA,-,NA,-,NA,NA,NA,NA,NA,NA,NA,1,0,1,NA,NA,NA,NA,NA,NA,NA,NA,NA,NA,NA,NA,NA,NA
Namibia,NA,Africa,Africa,2009-2018,1,1,0,0,1,1,0.50,0.50,0.50,1,1,0,0,NA,-,NA,-,NA,-,NA,-,NA,NA,NA,NA,NA,NA,NA,NA,NA,NA,NA,NA,NA,NA,NA,NA,NA,NA,NA,NA,NA,NA,NA,NA
Nigeria,NG,Africa,Africa,2009-2018,26,26,0,0,3,3,1.70,0.57,0.57,3,3,0,0,NA,-,NA,-,NA,-,NA,-,NA,NA,NA,NA,NA,NA,NA,23,0,3,NA,NA,NA,NA,NA,NA,NA,NA,NA,NA,NA,NA,NA,NA
Reunion,RE,Africa,Africa,2009-2018,1,1,0,0,0,0,0.00,0.00,0.00,0,0,0,0,NA,-,NA,-,NA,-,NA,-,NA,NA,NA,NA,NA,NA,NA,1,0,0,NA,NA,NA,NA,NA,NA,NA,NA,NA,NA,NA,NA,NA,NA
Rwanda,RW,Africa,Africa,2009-2018,1,1,0,0,0,0,0.00,0.00,0.00,0,0,0,0,NA,-,NA,-,NA,-,NA,-,NA,NA,NA,NA,NA,NA,NA,1,0,0,NA,NA,NA,NA,NA,NA,NA,NA,NA,NA,NA,NA,NA,NA
Seychelles,SC,Africa,Africa,2009-2018,2,2,0,0,1,1,1.00,1.00,1.00,1,1,0,0,NA,-,NA,-,NA,-,NA,-,NA,NA,NA,NA,NA,NA,NA,1,0,1,NA,NA,NA,NA,NA,NA,NA,NA,NA,NA,NA,NA,NA,NA
South Africa,ZA,Africa,Africa,2009-2018,67,60,0,7,12,11,9.67,0.81,0.79,20,13,7,8,982.80,2015,3033.92,2013,6607.24,2013,54.00,2014,0.07,0.02,0.01,NA,NA,NA,NA,47,0,11,NA,NA,NA,NA,NA,NA,NA,NA,NA,NA,NA,NA,NA,NA
"Tanzania, United Republic of",TZ,Africa,Africa,2009-2018,1,1,0,0,0,0,0.00,0.00,0.00,0,0,0,0,NA,-,NA,-,NA,-,NA,-,NA,NA,NA,NA,NA,NA,NA,1,0,0,NA,NA,NA,NA,NA,NA,NA,NA,NA,NA,NA,NA,NA,NA
Togo,TG,Africa,Africa,2009-2018,4,3,0,1,3,3,2.00,0.67,0.67,4,3,1,1,NA,-,NA,-,NA,-,NA,-,NA,NA,NA,NA,NA,NA,NA,NA,NA,NA,NA,NA,NA,NA,NA,NA,NA,NA,NA,NA,NA,NA,NA,NA
Tunisia,TN,Africa,Africa,2009-2018,15,14,0,1,1,1,1.00,1.00,1.00,3,2,1,2,NA,-,NA,-,NA,-,NA,-,NA,NA,NA,NA,NA,NA,NA,12,0,1,NA,NA,NA,NA,NA,NA,NA,NA,NA,NA,NA,NA,NA,NA
Uganda,UG,Africa,Africa,2009-2018,10,8,0,2,4,4,3.00,0.75,0.75,7,5,2,3,NA,-,NA,-,NA,-,NA,-,NA,NA,NA,NA,NA,NA,NA,3,0,4,NA,NA,NA,NA,NA,NA,NA,NA,NA,NA,NA,NA,NA,NA
Zambia,ZM,Africa,Africa,2009-2018,1,1,0,0,1,1,1.00,1.00,1.00,1,1,0,0,NA,-,NA,-,NA,-,NA,-,NA,NA,NA,NA,NA,NA,NA,NA,NA,NA,NA,NA,NA,NA,NA,NA,NA,NA,NA,NA,NA,NA,NA,NA
Zimbabwe,ZW,Africa,Africa,2009-2018,1,1,0,0,0,0,0.00,0.00,0.00,0,0,0,0,NA,-,NA,-,NA,-,NA,-,NA,NA,NA,NA,NA,NA,NA,1,0,0,NA,NA,NA,NA,NA,NA,NA,NA,NA,NA,NA,NA,NA,NA
_Total_,_Total_,Canada,Americas,2009-2018,919,856,1,62,84,79,173.55,2.07,2.11,166,104,61,84,1176.50,2014,9209.10,2015,18823.21,2015,35.54,2014,0.78,0.10,0.05,1.665697456,0.019829732,NA,NA,751,10,73,13.7,23.7,26.7,35.9,84.1,9.1,4.3,2.5,18.2,4.4,14.8,26.2,6.8,29.8
Canada,CA,Canada,Americas,2009-2018,919,856,1,62,84,79,173.55,2.07,2.11,166,104,61,84,1176.50,2014,9209.10,2015,18823.21,2015,35.54,2014,0.78,0.10,0.05,1.665697456,0.019829732,NA,NA,751,10,73,13.7,23.7,26.7,35.9,84.1,9.1,4.3,2.5,18.2,4.4,14.8,26.2,6.8,29.8
_Total_,_Total_,Other American countries,Americas,2009-2018,606,554,0,52,109,89,165,1.5137615,1.3342697,155,104,51,47,NA,-,NA,-,NA,-,NA,-,NA,NA,NA,0.506259827,0.00714673,NA,NA,NA,NA,NA,16.1,19.1,29,35.8,63.3,22.7,11.9,2.2,41.2,2.8,13.2,17,7.6,18.2
Argentina,AR,Other American countries,Americas,2009-2018,41,37,0,4,5,4,9.75,1.95,0.69,10,7,3,5,3004.77,2015,1335.98,2014,6661.01,2014,NA,-,0.01,0.03,0.01,NA,NA,NA,NA,30,0,4,NA,NA,NA,NA,NA,NA,NA,NA,NA,NA,NA,NA,NA,NA
Barbados,BB,Other American countries,Americas,2009-2018,2,2,0,0,1,1,0.50,0.50,0.50,1,1,0,0,NA,-,NA,-,NA,-,NA,-,NA,NA,NA,NA,NA,NA,NA,1,0,1,NA,NA,NA,NA,NA,NA,NA,NA,NA,NA,NA,NA,NA,NA
Bermuda,BM,Other American countries,Americas,2009-2018,2,2,0,0,2,2,2.00,1.00,1.00,2,2,0,0,NA,-,NA,-,NA,-,NA,-,NA,NA,NA,NA,NA,NA,NA,NA,NA,NA,NA,NA,NA,NA,NA,NA,NA,NA,NA,NA,NA,NA,NA,NA
"Bolivia, Plurinational State of",BO,Other American countries,Americas,2009-2018,5,5,0,0,2,2,2.00,1.00,1.00,2,2,0,0,NA,-,NA,-,NA,-,NA,-,NA,NA,NA,NA,NA,NA,NA,3,0,2,NA,NA,NA,NA,NA,NA,NA,NA,NA,NA,NA,NA,NA,NA
Brazil,BR,Other American countries,Americas,2009-2018,168,155,0,13,18,14,43.46,2.41,2.68,30,17,13,12,2421.97,2015,NA,-,28191.82,2014,201.47,2013,0.07,NA,0.01,NA,NA,NA,NA,138,0,14,NA,NA,NA,NA,NA,NA,NA,NA,NA,NA,NA,NA,NA,NA
Cayman Islands,KY,Other American countries,Americas,2009-2018,7,7,0,0,3,3,9.50,3.17,3.17,3,3,0,1,NA,-,NA,-,NA,-,NA,-,NA,NA,NA,NA,NA,NA,NA,4,0,3,NA,NA,NA,NA,NA,NA,NA,NA,NA,NA,NA,NA,NA,NA
Chile,CL,Other American countries,Americas,2009-2018,47,40,0,7,4,3,3.00,0.75,0.67,11,4,7,7,492.92,2015,615.57,2015,1794.37,2015,17.82,2014,0.10,0.08,0.03,NA,NA,NA,NA,36,0,3,NA,NA,NA,NA,NA,NA,NA,NA,NA,NA,NA,NA,NA,NA
Colombia,CO,Other American countries,Americas,2009-2018,23,19,0,4,3,2,1.58,0.53,0.29,7,3,4,4,798.11,2015,NA,-,NA,-,47.66,2014,0.03,NA,NA,NA,NA,NA,NA,16,0,2,NA,NA,NA,NA,NA,NA,NA,NA,NA,NA,NA,NA,NA,NA
Costa Rica,CR,Other American countries,Americas,2009-2018,2,2,0,0,2,2,3.00,1.50,1.50,2,2,0,0,95.98,2015,NA,-,NA,-,NA,-,0.02,NA,NA,NA,NA,NA,NA,NA,NA,NA,NA,NA,NA,NA,NA,NA,NA,NA,NA,NA,NA,NA,NA,NA
Cuba,CU,Other American countries,Americas,2009-2018,5,5,0,0,2,2,3.25,1.63,1.63,2,2,0,0,NA,-,NA,-,NA,-,NA,-,NA,NA,NA,NA,NA,NA,NA,3,0,2,NA,NA,NA,NA,NA,NA,NA,NA,NA,NA,NA,NA,NA,NA
Dominican Republic,DO,Other American countries,Americas,2009-2018,7,6,0,1,2,1,12.25,6.13,1.00,2,1,1,0,NA,-,NA,-,NA,-,NA,-,NA,NA,NA,NA,NA,NA,NA,5,0,1,NA,NA,NA,NA,NA,NA,NA,NA,NA,NA,NA,NA,NA,NA
Ecuador,EC,Other American countries,Americas,2009-2018,11,10,0,1,2,1,5.00,2.50,1.00,3,2,1,1,NA,-,NA,-,NA,-,NA,-,NA,NA,NA,NA,NA,NA,NA,8,0,1,NA,NA,NA,NA,NA,NA,NA,NA,NA,NA,NA,NA,NA,NA
Guatemala,GT,Other American countries,Americas,2009-2018,2,2,0,0,1,1,1.00,1.00,1.00,1,1,0,0,NA,-,NA,-,NA,-,NA,-,NA,NA,NA,NA,NA,NA,NA,1,0,1,NA,NA,NA,NA,NA,NA,NA,NA,NA,NA,NA,NA,NA,NA
Guyana,GY,Other American countries,Americas,2009-2018,2,1,0,1,0,0,0.00,0.00,0.00,2,1,1,2,NA,-,NA,-,NA,-,NA,-,NA,NA,NA,NA,NA,NA,NA,NA,NA,NA,NA,NA,NA,NA,NA,NA,NA,NA,NA,NA,NA,NA,NA,NA
Haiti,HT,Other American countries,Americas,2009-2018,1,1,0,0,0,0,0.00,0.00,0.00,0,0,0,0,NA,-,NA,-,NA,-,NA,-,NA,NA,NA,NA,NA,NA,NA,1,0,0,NA,NA,NA,NA,NA,NA,NA,NA,NA,NA,NA,NA,NA,NA
Honduras,HN,Other American countries,Americas,2009-2018,1,1,0,0,0,0,0.00,0.00,0.00,0,0,0,0,NA,-,NA,-,NA,-,NA,-,NA,NA,NA,NA,NA,NA,NA,1,0,0,NA,NA,NA,NA,NA,NA,NA,NA,NA,NA,NA,NA,NA,NA
Jamaica,JM,Other American countries,Americas,2009-2018,4,3,0,1,2,2,1.50,0.75,0.75,3,2,1,1,NA,-,NA,-,NA,-,NA,-,NA,NA,NA,NA,NA,NA,NA,1,0,2,NA,NA,NA,NA,NA,NA,NA,NA,NA,NA,NA,NA,NA,NA
Mexico,MX,Other American countries,Americas,2009-2018,197,184,0,13,33,22,29.25,0.89,0.60,36,23,13,3,2682.17,2015,NA,-,NA,-,119.71,2014,0.07,NA,NA,NA,NA,NA,NA,161,0,22,NA,NA,NA,NA,NA,NA,NA,NA,NA,NA,NA,NA,NA,NA
Nicaragua,NI,Other American countries,Americas,2009-2018,1,1,0,0,1,1,0.50,0.50,0.50,1,1,0,0,NA,-,NA,-,NA,-,NA,-,NA,NA,NA,NA,NA,NA,NA,NA,NA,NA,NA,NA,NA,NA,NA,NA,NA,NA,NA,NA,NA,NA,NA,NA
Panama,PA,Other American countries,Americas,2009-2018,17,17,0,0,12,12,23.00,1.92,1.92,12,12,0,0,NA,-,NA,-,NA,-,NA,-,NA,NA,NA,NA,NA,NA,NA,5,0,12,NA,NA,NA,NA,NA,NA,NA,NA,NA,NA,NA,NA,NA,NA
Peru,PE,Other American countries,Americas,2009-2018,10,9,0,1,3,3,1.63,0.54,0.54,5,4,1,2,NA,-,NA,-,NA,-,NA,-,NA,NA,NA,NA,NA,NA,NA,5,0,3,NA,NA,NA,NA,NA,NA,NA,NA,NA,NA,NA,NA,NA,NA
Puerto Rico,PR,Other American countries,Americas,2009-2018,14,14,0,0,2,2,1.50,0.75,0.75,2,2,0,0,NA,-,NA,-,NA,-,NA,-,NA,NA,NA,NA,NA,NA,NA,12,0,2,NA,NA,NA,NA,NA,NA,NA,NA,NA,NA,NA,NA,NA,NA
Saint Kitts and Nevis,KN,Other American countries,Americas,2009-2018,2,2,0,0,0,0,0.00,0.00,0.00,1,1,0,1,NA,-,NA,-,NA,-,NA,-,NA,NA,NA,NA,NA,NA,NA,1,0,0,NA,NA,NA,NA,NA,NA,NA,NA,NA,NA,NA,NA,NA,NA
Trinidad and Tobago,TT,Other American countries,Americas,2009-2018,1,1,0,0,0,0,0.00,0.00,0.00,0,0,0,0,NA,-,NA,-,NA,-,NA,-,NA,NA,NA,NA,NA,NA,NA,1,0,0,NA,NA,NA,NA,NA,NA,NA,NA,NA,NA,NA,NA,NA,NA
Uruguay,UY,Other American countries,Americas,2009-2018,8,7,0,1,0,0,0.00,0.00,0.00,1,0,1,1,NA,-,NA,-,NA,-,NA,-,NA,NA,NA,NA,NA,NA,NA,7,0,0,NA,NA,NA,NA,NA,NA,NA,NA,NA,NA,NA,NA,NA,NA
"Venezuela, Bolivarian Republic of",VE,Other American countries,Americas,2009-2018,18,13,0,5,2,2,2.50,1.25,1.25,9,4,5,7,NA,-,NA,-,NA,-,NA,-,NA,NA,NA,NA,NA,NA,NA,9,0,2,NA,NA,NA,NA,NA,NA,NA,NA,NA,NA,NA,NA,NA,NA
"Virgin Islands, British",VG,Other American countries,Americas,2009-2018,8,8,0,0,7,7,8.83,1.26,1.26,7,7,0,0,NA,-,NA,-,NA,-,NA,-,NA,NA,NA,NA,NA,NA,NA,1,0,7,NA,NA,NA,NA,NA,NA,NA,NA,NA,NA,NA,NA,NA,NA
_Total_,_Total_,United States,Americas,2009-2018,9376,9040,4,332,1341,1294,4380.24,3.27,3.22,1818,1505,309,509,13464.36,2015,265620.38,2015,375409.62,2015,318.86,2014,0.70,0.04,0.02,19.25067744,0.027904891,NA,NA,7530,108,1213,14,22.7,30.9,32.3,74.9,13.2,6.6,5.4,17.5,3.1,14.1,27.6,14.6,23.1
United States,US,United States,Americas,2009-2018,9376,9040,4,332,1341,1294,4380.24,3.27,3.22,1818,1505,309,509,13464.36,2015,265620.38,2015,375409.62,2015,318.86,2014,0.70,0.04,0.02,19.25067744,0.027904891,NA,NA,7530,108,1213,14,22.7,30.9,32.3,74.9,13.2,6.6,5.4,17.5,3.1,14.1,27.6,14.6,23.1
_Total_,_Total_,China,Asia,2009-2018,7749,6477,187,1085,6382,5160,17941.72,2.81,1.57,6484,5217,1080,173,14840.80,2015,234362.38,2015,305190.81,2015,1385.57,2013,0.52,0.03,0.03,36.55577822,0.024513181,NA,NA,1262,58,5105,8.7,17.9,48.5,24.9,36.2,14.7,22.5,26.6,51.8,2.6,12.5,17.4,6,9.5
China,CN,China,Asia,2009-2018,7749,6477,187,1085,6382,5160,17941.72,2.81,1.57,6484,5217,1080,173,14840.80,2015,234362.38,2015,305190.81,2015,1385.57,2013,0.52,0.03,0.03,36.55577822,0.024513181,NA,NA,1262,58,5105,8.7,17.9,48.5,24.9,36.2,14.7,22.5,26.6,51.8,2.6,12.5,17.4,6,9.5
_Total_,_Total_,India,Asia,2009-2018,1285,1248,2,35,101,91,76.42,0.76,0.69,160,125,33,60,6009.40,2015,16611.65,2015,37476.77,2015,1252.14,2013,0.21,0.08,0.03,0.683203831,0.010488678,NA,NA,1124,1,90,41.2,26.5,18.5,13.8,81.7,9.8,4.6,3.8,10.7,1.6,7.3,44,9.8,26.4
India,IN,India,Asia,2009-2018,1285,1248,2,35,101,91,76.42,0.76,0.69,160,125,33,60,6009.40,2015,16611.65,2015,37476.77,2015,1252.14,2013,0.21,0.08,0.03,0.683203831,0.010488678,NA,NA,1124,1,90,41.2,26.5,18.5,13.8,81.7,9.8,4.6,3.8,10.7,1.6,7.3,44,9.8,26.4
_Total_,_Total_,Japan,Asia,2009-2018,746,678,0,68,385,336,1442.97,3.75,4.01,422,355,67,56,3861.54,2015,99610.87,2015,126907.26,2015,127.30,2013,0.19,0.01,0.01,3.220386621,0.016511092,NA,NA,323,14,325,9.3,14.9,24.3,51.4,55.5,13.8,10.5,20.1,28.3,4.5,13.9,29.1,8.4,15.8
Japan,JP,Japan,Asia,2009-2018,746,678,0,68,385,336,1442.97,3.75,4.01,422,355,67,56,3861.54,2015,99610.87,2015,126907.26,2015,127.30,2013,0.19,0.01,0.01,3.220386621,0.016511092,NA,NA,323,14,325,9.3,14.9,24.3,51.4,55.5,13.8,10.5,20.1,28.3,4.5,13.9,29.1,8.4,15.8
_Total_,_Total_,Middle East,Asia,2009-2018,878,824,0,54,76,67,82.44285714,1.0847744,0.8187989,141,89,52,65,NA,-,NA,-,NA,-,NA,-,NA,NA,NA,0.818961386,0.01227185,NA,NA,NA,NA,NA,32,38,18,12,78.3,15.6,5,1.2,10.1,2.8,15.9,41.1,17,13.2
Afghanistan,AF,Middle East,Asia,2009-2018,1,1,0,0,1,1,0.20,0.20,0.20,1,1,0,0,NA,-,NA,-,NA,-,NA,-,NA,NA,NA,NA,NA,NA,NA,NA,NA,NA,NA,NA,NA,NA,NA,NA,NA,NA,NA,NA,NA,NA,NA,NA
Armenia,AM,Middle East,Asia,2009-2018,11,7,0,4,1,0,1.00,1.00,0.00,4,0,4,3,NA,-,NA,-,NA,-,3.01,2015,NA,NA,NA,NA,NA,NA,NA,7,0,0,NA,NA,NA,NA,NA,NA,NA,NA,NA,NA,NA,NA,NA,NA
"Iran, Islamic Republic of",IR,Middle East,Asia,2009-2018,24,18,0,6,0,0,0.00,0.00,0.00,7,1,6,7,NA,-,NA,-,NA,-,NA,-,NA,NA,NA,NA,NA,NA,NA,17,0,0,NA,NA,NA,NA,NA,NA,NA,NA,NA,NA,NA,NA,NA,NA
Israel,IL,Middle East,Asia,2009-2018,628,607,0,21,37,37,28.65,0.77,0.77,68,49,19,31,326.03,2015,13809.82,2014,16292.05,2014,8.06,2013,1.93,0.05,0.04,NA,NA,NA,NA,558,0,37,NA,NA,NA,NA,NA,NA,NA,NA,NA,NA,NA,NA,NA,NA
Jordan,JO,Middle East,Asia,2009-2018,6,6,0,0,1,1,4.00,4.00,4.00,1,1,0,0,NA,-,NA,-,NA,-,NA,-,NA,NA,NA,NA,NA,NA,NA,5,0,1,NA,NA,NA,NA,NA,NA,NA,NA,NA,NA,NA,NA,NA,NA
Kuwait,KW,Middle East,Asia,2009-2018,1,1,0,0,0,0,0.00,0.00,0.00,0,0,0,0,NA,-,NA,-,NA,-,NA,-,NA,NA,NA,NA,NA,NA,NA,1,0,0,NA,NA,NA,NA,NA,NA,NA,NA,NA,NA,NA,NA,NA,NA
Lebanon,LB,Middle East,Asia,2009-2018,9,9,0,0,2,2,2.00,1.00,1.00,2,2,0,0,NA,-,NA,-,NA,-,NA,-,NA,NA,NA,NA,NA,NA,NA,7,0,2,NA,NA,NA,NA,NA,NA,NA,NA,NA,NA,NA,NA,NA,NA
Oman,OM,Middle East,Asia,2009-2018,2,2,0,0,0,0,0.00,0.00,0.00,1,1,0,1,NA,-,NA,-,NA,-,NA,-,NA,NA,NA,NA,NA,NA,NA,1,0,0,NA,NA,NA,NA,NA,NA,NA,NA,NA,NA,NA,NA,NA,NA
"Palestinian Territory, Occupied",PS,Middle East,Asia,2009-2018,13,13,0,0,0,0,0.00,0.00,0.00,1,1,0,1,NA,-,NA,-,NA,-,NA,-,NA,NA,NA,NA,NA,NA,NA,12,0,0,NA,NA,NA,NA,NA,NA,NA,NA,NA,NA,NA,NA,NA,NA
Qatar,QA,Middle East,Asia,2009-2018,7,3,0,4,3,1,4.17,1.39,0.58,7,3,4,4,NA,-,NA,-,NA,-,NA,-,NA,NA,NA,NA,NA,NA,NA,NA,NA,NA,NA,NA,NA,NA,NA,NA,NA,NA,NA,NA,NA,NA,NA,NA
Saudi Arabia,SA,Middle East,Asia,2009-2018,25,17,0,8,16,11,26.50,1.66,0.36,19,11,8,3,1677.34,2015,NA,-,NA,-,NA,-,0.01,NA,NA,NA,NA,NA,NA,6,0,11,NA,NA,NA,NA,NA,NA,NA,NA,NA,NA,NA,NA,NA,NA
Turkey,TR,Middle East,Asia,2009-2018,95,87,0,8,13,13,14.93,1.15,1.15,26,18,8,13,2821.93,2015,10142.88,2014,20376.15,2014,77.70,2015,0.03,0.01,0.00,NA,NA,NA,NA,69,0,13,NA,NA,NA,NA,NA,NA,NA,NA,NA,NA,NA,NA,NA,NA
United Arab Emirates,AE,Middle East,Asia,2009-2018,56,53,0,3,2,1,1.00,0.50,0.50,4,1,3,2,NA,-,NA,-,NA,-,NA,-,NA,NA,NA,NA,NA,NA,NA,52,0,1,NA,NA,NA,NA,NA,NA,NA,NA,NA,NA,NA,NA,NA,NA
_Total_,_Total_,Other Asian countries,Asia,2009-2018,1042,924,3,115,397,312,1053.133333,2.6527288,2.5028312,441,323,115,51,NA,-,NA,-,NA,-,NA,-,NA,NA,NA,2.566635012,0.017053837,NA,NA,NA,NA,NA,32.4,25.5,21.3,20.8,71.5,11,8.6,8.9,20.4,2.6,17.5,27.6,15.6,16.4
Bangladesh,BD,Other Asian countries,Asia,2009-2018,17,14,0,3,2,2,2.00,1.00,1.00,5,2,3,3,NA,-,NA,-,NA,-,NA,-,NA,NA,NA,NA,NA,NA,NA,12,0,2,NA,NA,NA,NA,NA,NA,NA,NA,NA,NA,NA,NA,NA,NA
Brunei Darussalam,BN,Other Asian countries,Asia,2009-2018,2,2,0,0,0,0,0.00,0.00,0.00,0,0,0,0,NA,-,NA,-,NA,-,NA,-,NA,NA,NA,NA,NA,NA,NA,2,0,0,NA,NA,NA,NA,NA,NA,NA,NA,NA,NA,NA,NA,NA,NA
Indonesia,ID,Other Asian countries,Asia,2009-2018,32,32,0,0,1,1,0.50,0.50,0.50,1,1,0,0,3733.53,2015,NA,-,NA,-,249.87,2013,0.01,NA,NA,NA,NA,NA,NA,31,0,1,NA,NA,NA,NA,NA,NA,NA,NA,NA,NA,NA,NA,NA,NA
Kazakhstan,KZ,Other Asian countries,Asia,2009-2018,11,10,0,1,7,6,3.00,0.43,0.33,9,8,1,2,NA,-,NA,-,NA,-,NA,-,NA,NA,NA,NA,NA,NA,NA,2,0,6,NA,NA,NA,NA,NA,NA,NA,NA,NA,NA,NA,NA,NA,NA
"Korea, Democratic People's Republic of",KP,Other Asian countries,Asia,2009-2018,1,1,0,0,1,1,0.33,0.33,0.33,1,1,0,0,NA,-,NA,-,NA,-,NA,-,NA,NA,NA,NA,NA,NA,NA,NA,NA,NA,NA,NA,NA,NA,NA,NA,NA,NA,NA,NA,NA,NA,NA,NA
Kyrgyzstan,KG,Other Asian countries,Asia,2009-2018,1,1,0,0,0,0,0.00,0.00,0.00,0,0,0,0,NA,-,NA,-,NA,-,NA,-,NA,NA,NA,NA,NA,NA,NA,1,0,0,NA,NA,NA,NA,NA,NA,NA,NA,NA,NA,NA,NA,NA,NA
Lao People's Democratic Republic,LA,Other Asian countries,Asia,2009-2018,1,1,0,0,1,1,1.00,1.00,1.00,1,1,0,0,NA,-,NA,-,NA,-,NA,-,NA,NA,NA,NA,NA,NA,NA,NA,NA,NA,NA,NA,NA,NA,NA,NA,NA,NA,NA,NA,NA,NA,NA,NA
Macao,MO,Other Asian countries,Asia,2009-2018,2,0,0,2,1,0,1.00,1.00,0.00,2,0,2,1,NA,-,NA,-,NA,-,NA,-,NA,NA,NA,NA,NA,NA,NA,NA,NA,NA,NA,NA,NA,NA,NA,NA,NA,NA,NA,NA,NA,NA,NA,NA
Malaysia,MY,Other Asian countries,Asia,2009-2018,71,63,0,8,19,14,54.73,2.88,3.27,22,14,8,3,NA,-,NA,-,NA,-,NA,-,NA,NA,NA,NA,NA,NA,NA,49,0,14,NA,NA,NA,NA,NA,NA,NA,NA,NA,NA,NA,NA,NA,NA
Mongolia,MN,Other Asian countries,Asia,2009-2018,9,4,0,5,9,4,19.25,2.14,1.06,9,4,5,0,NA,-,NA,-,NA,-,NA,-,NA,NA,NA,NA,NA,NA,NA,NA,NA,NA,NA,NA,NA,NA,NA,NA,NA,NA,NA,NA,NA,NA,NA,NA
Myanmar,MM,Other Asian countries,Asia,2009-2018,2,2,0,0,1,1,2.00,2.00,2.00,1,1,0,0,NA,-,NA,-,NA,-,NA,-,NA,NA,NA,NA,NA,NA,NA,1,0,1,NA,NA,NA,NA,NA,NA,NA,NA,NA,NA,NA,NA,NA,NA
Nepal,NP,Other Asian countries,Asia,2009-2018,9,8,0,1,1,1,1.00,1.00,1.00,2,1,1,1,NA,-,NA,-,NA,-,NA,-,NA,NA,NA,NA,NA,NA,NA,7,0,1,NA,NA,NA,NA,NA,NA,NA,NA,NA,NA,NA,NA,NA,NA
Pakistan,PK,Other Asian countries,Asia,2009-2018,30,27,1,2,6,3,6.00,1.00,1.17,6,3,2,0,NA,-,NA,-,NA,-,NA,-,NA,NA,NA,NA,NA,NA,NA,24,0,3,NA,NA,NA,NA,NA,NA,NA,NA,NA,NA,NA,NA,NA,NA
Philippines,PH,Other Asian countries,Asia,2009-2018,37,36,0,1,15,15,21.20,1.41,1.41,16,15,1,1,NA,-,NA,-,NA,-,NA,-,NA,NA,NA,NA,NA,NA,NA,21,0,15,NA,NA,NA,NA,NA,NA,NA,NA,NA,NA,NA,NA,NA,NA
Singapore,SG,Other Asian countries,Asia,2009-2018,459,422,1,36,83,65,236.92,2.85,2.48,107,70,36,25,NA,-,NA,-,NA,-,NA,-,NA,NA,NA,NA,NA,NA,NA,353,2,63,NA,NA,NA,NA,NA,NA,NA,NA,NA,NA,NA,NA,NA,NA
Sri Lanka,LK,Other Asian countries,Asia,2009-2018,3,3,0,0,0,0,0.00,0.00,0.00,0,0,0,0,NA,-,NA,-,NA,-,NA,-,NA,NA,NA,NA,NA,NA,NA,3,0,0,NA,NA,NA,NA,NA,NA,NA,NA,NA,NA,NA,NA,NA,NA
Taiwan,TW,Other Asian countries,Asia,2009-2018,283,228,1,54,217,165,502.50,2.32,2.03,222,167,54,11,822.74,2015,19497.73,2015,25058.93,2015,NA,-,0.34,0.01,0.01,NA,NA,NA,NA,62,4,162,NA,NA,NA,NA,NA,NA,NA,NA,NA,NA,NA,NA,NA,NA
Thailand,TH,Other Asian countries,Asia,2009-2018,41,41,0,0,17,17,86.00,5.06,5.06,18,18,0,1,NA,-,NA,-,NA,-,NA,-,NA,NA,NA,NA,NA,NA,NA,23,0,18,NA,NA,NA,NA,NA,NA,NA,NA,NA,NA,NA,NA,NA,NA
Timor-Leste,TL,Other Asian countries,Asia,2009-2018,1,1,0,0,1,1,0.50,0.50,0.50,1,1,0,0,NA,-,NA,-,NA,-,NA,-,NA,NA,NA,NA,NA,NA,NA,NA,NA,NA,NA,NA,NA,NA,NA,NA,NA,NA,NA,NA,NA,NA,NA,NA
Uzbekistan,UZ,Other Asian countries,Asia,2009-2018,6,6,0,0,4,4,2.20,0.55,0.55,4,4,0,0,NA,-,NA,-,NA,-,NA,-,NA,NA,NA,NA,NA,NA,NA,2,0,4,NA,NA,NA,NA,NA,NA,NA,NA,NA,NA,NA,NA,NA,NA
Viet Nam,VN,Other Asian countries,Asia,2009-2018,24,22,0,2,11,11,113.00,10.27,10.27,14,12,2,3,NA,-,NA,-,NA,-,NA,-,NA,NA,NA,NA,NA,NA,NA,10,0,11,NA,NA,NA,NA,NA,NA,NA,NA,NA,NA,NA,NA,NA,NA
_Total_,_Total_,South Korea,Asia,2009-2018,948,807,2,139,766,640,2224.75,2.90,2.30,798,659,137,42,1310.87,2015,42856.55,2015,55279.41,2015,50.42,2014,0.72,0.02,0.02,4.584490371,0.016400396,NA,NA,149,14,628,14.3,34.3,36,15.3,75.9,16.3,3.5,4.3,36,2.8,7.9,36.3,5.2,11.7
South Korea,KR,South Korea,Asia,2009-2018,948,807,2,139,766,640,2224.75,2.90,2.30,798,659,137,42,1310.87,2015,42856.55,2015,55279.41,2015,50.42,2014,0.72,0.02,0.02,4.584490371,0.016400396,NA,NA,149,14,628,14.3,34.3,36,15.3,75.9,16.3,3.5,4.3,36,2.8,7.9,36.3,5.2,11.7
_Total_,_Total_,EU28,Europe,2009-2018,5776,5213,3,560,717,616,1114.92,1.55,1.56,1334,820,512,631,14794.40,2015,184162.33,2015,288535.73,2015,508.54,2015,0.39,0.03,0.02,9.049591052,0.013956528,51.8918313,0.028628528,4395,26,598,30.8,31.2,22.5,15.4,75.8,14.8,6.3,3.1,11.1,1.8,9,43.3,15.8,18.9
Austria,AT,EU28,Europe,2009-2018,93,72,0,21,6,4,4.366666667,0.727777778,0.591666667,28,9,19,22,322.8372756,2015,7027.109495,2015,9839.13671,2015,8.584926,2015,0.288070824,0.01323446,0.009452049,0.298315816,0.014475903,1.628745063,0.026794692,63,1,3,35.6,26.1,19.2,19.2,70.4,14.8,12.3,2.5,17.7,2.5,10.1,29.2,10.1,30.3
Belgium,BE,EU28,Europe,2009-2018,117,96,0,21,11,8,8.166666667,0.742424242,0.770833333,37,17,20,27,384.0688719,2015,6621.77888,2015,9468.207552,2015,11.237274,2015,0.304632863,0.017668968,0.012357144,0.145002075,0.006133327,1.609403117,0.019092628,78,1,8,26.8,29.4,23.2,20.7,87.4,6.8,4.8,1,13.4,3.8,10.2,34.2,14.9,23.4
Bulgaria,BG,EU28,Europe,2009-2018,31,29,0,2,3,2,1.833333333,0.611111111,0.416666667,4,2,2,1,97.71620551,2015,688.3019342,2015,938.2645904,2015,7.202198,2015,0.317245229,0.045038374,0.033039721,0.005193042,0.003115576,0.104177036,0.007239909,27,0,2,11.8,23.5,47.1,17.6,72.2,16.7,11.1,0,5.6,0,0,61.1,5.6,27.9
Croatia,HR,EU28,Europe,2009-2018,14,13,0,1,3,3,8,2.666666667,2.666666667,5,4,1,2,71.60598731,2015,308.7946583,2015,602.8199395,2015,4.225316,2015,0.195514377,0.045337572,0.023224182,0.025176298,0.010122802,0.235726486,0.023282189,9,0,3,75,0,0,25,80,0,20,0,0,0,33.3,33.3,33.3,0
Cyprus,CY,EU28,Europe,2009-2018,11,10,0,1,2,2,0.75,0.375,0.375,3,2,1,1,20.06228331,2015,22.0241851,2015,96.43962883,2015,0.847008,2015,0.548292526,0.499450942,0.114060995,0.009490739,0.008899056,0.170412586,0.016213686,8,0,2,39.7,13.2,26.5,20.5,79.5,0,0,20.5,0,0,39.3,0,0,60.7
Czechia,CZ,EU28,Europe,2009-2018,57,50,0,7,11,7,15.2,1.381818182,1.742857143,16,9,7,5,268.080425,2015,2808.532595,2015,5171.896822,2015,10.538275,2015,0.212622761,0.020295296,0.011021102,0.087706225,0.01454367,0.595257451,0.025577392,41,0,7,40.6,20.3,23.8,15.2,84.1,7.9,4,4,16.1,0,14.4,42.8,16.1,10.7
Denmark,DK,EU28,Europe,2009-2018,116,104,0,12,12,11,11.66666667,0.972222222,0.96969697,27,15,12,15,207.829465,2015,3929.991478,2015,6146.379415,2015,5.659715,2015,0.558149924,0.029516603,0.018872899,0.131780581,0.009129863,0.796439182,0.023900054,89,0,11,35.4,28.6,22,13.9,74.2,14.6,3.4,7.8,10,0,11.2,43.1,14.8,20.9
Estonia,EE,EU28,Europe,2009-2018,35,35,0,0,1,1,1,1,1,1,1,0,0,28.56238463,2015,195.7481453,2015,425.0731687,2015,1.31487,2015,1.225387882,0.178801183,0.082338766,0.00177505,0.00177505,0.178840079,0.013579385,34,0,1,60,28,12,0,92.3,3.8,3.8,0,0,0,0,79.2,12.5,8.4
Finland,FI,EU28,Europe,2009-2018,126,119,0,7,10,8,43.41666667,4.341666667,5.177083333,20,13,7,12,173.0029799,2015,3340.927664,2015,5011.350222,2015,5.471753,2015,0.728311154,0.037714076,0.025142924,0.179152008,0.016279687,0.909255156,0.026709732,107,1,7,30.5,37,23.1,9.4,72.7,20.4,4.9,2.1,4.8,0,8.4,57.1,20,9.6
France,FR,EU28,Europe,2009-2018,708,633,1,74,76,67,88.34444444,1.162426901,1.191708126,182,115,66,106,2048.225037,2015,29560.79493,2015,45406.39789,2015,66.456279,2015,0.345665143,0.023950641,0.015592516,1.089013877,0.010863127,5.596402625,0.025887756,518,4,64,9.6,37,31.3,22.1,62.8,22.2,9.2,5.8,12.6,4.7,13.6,31.1,20.6,17.6
Germany,DE,EU28,Europe,2009-2018,829,711,0,118,147,121,350.2666667,2.38276644,2.335674931,273,158,115,130,2937.715962,2015,58830.56966,2015,85691.77364,2015,81.197537,2015,0.282192019,0.014091313,0.009674208,1.748286921,0.012873871,7.986125478,0.027868675,555,0,121,27.1,25.7,27.4,19.8,71.1,19.4,7,2.5,18.2,0.8,9.6,38.5,18.5,14.2
Greece,EL,EU28,Europe,2009-2018,54,42,0,12,9,8,5.65,0.627777778,0.58125,23,11,12,14,213.683542,2015,680.6260514,2015,2064.966041,2015,10.858018,2015,0.25271015,0.07933872,0.026150551,0.070899478,0.005446495,1.275034611,0.017860259,31,0,8,30,0,30,40,72.5,13.7,6.9,6.9,11.1,0,33.3,33.3,0,22.2
Hungary,HU,EU28,Europe,2009-2018,54,50,0,4,11,11,4.833333333,0.439393939,0.439393939,16,12,4,5,196.1287427,2015,1965.531576,2015,2676.391079,2015,9.855571,2015,0.275329354,0.027473484,0.020176424,0.019272303,0.002998133,0.364636557,0.013790766,38,1,10,40,0,40,20,86.8,6.6,6.6,0,18.8,0,9.4,9.4,29.1,33.3
Ireland,IE,EU28,Europe,2009-2018,136,126,0,10,19,17,59.17063492,3.114243943,3.392390289,27,18,9,8,243.1157047,2015,2071.755286,2015,2907.694163,2015,4.677627,2015,0.559404421,0.065644819,0.046772457,0.15651346,0.011619252,0.651070986,0.023983191,108,0,17,27.8,41,14.7,16.4,80.2,11.5,4.5,3.9,10,0,2,53.3,9.1,25.6
Italy,IT,EU28,Europe,2009-2018,270,227,0,43,42,38,38.05,0.905952381,0.869736842,93,54,39,52,1696.063586,2015,13228.89612,2015,22745.89112,2015,60.795612,2015,0.159192145,0.020409866,0.011870276,0.3209673,0.00647956,4.338072063,0.018123342,173,0,38,24.5,24.1,30.5,20.9,63.4,21.5,14.6,0.5,22,5.7,16.1,35,7,14.1
Latvia,LV,EU28,Europe,2009-2018,11,11,0,0,0,0,0,0.00,0.00,0,0,0,0,36.73832368,2015,56.72218199,2015,229.6041516,2015,1.986096,2015,0.299414859,0.19392766,0.047908541,0,0,0,0,11,0,0,62.5,12.5,25,0,87.5,0,12.5,0,0,0,0,57.1,14.3,28.6
Lithuania,LT,EU28,Europe,2009-2018,17,16,0,1,5,4,6.5,1.3,1.5,5,4,1,0,62.86666454,2015,179.2946133,2015,654.5412399,2015,2.921262,2015,0.270413583,0.094816011,0.025972389,0.011715329,0.002343066,0.128713884,0.012979298,12,0,4,27,32,23,18,62.4,37.6,0,0,0,0,10.5,68.6,10.5,10.5
Luxembourg,LU,EU28,Europe,2009-2018,18,16,0,2,3,3,3.25,1.083333333,1.083333333,5,3,2,2,44.11303023,2015,289.3912454,2015,560.7484548,2015,0.562958,2015,0.408042701,0.062199532,0.032099955,0.023451664,0.010759416,0.146464232,0.035361929,13,0,3,50.1,30,10,10,50.1,30,0,20,0,0,16.7,16.7,0,66.7
Malta,MT,EU28,Europe,2009-2018,19,18,0,1,0,0,0,0.00,0.00,0,0,0,0,11.55804633,2015,45.77233098,2015,89.09335168,2015,0.439691,2015,1.643876435,0.415097933,0.213259459,0,0,0,0,18,0,0,31.3,43.8,25,0,75,18.8,6.3,0,0,0,0,45.5,27.3,27.3
Netherlands,NL,EU28,Europe,2009-2018,348,323,0,25,51,49,60.88333333,1.19379085,1.228231293,85,61,24,34,633.0415694,2015,7103.289059,2015,12685.51369,2015,16.900726,2015,0.549726932,0.048991389,0.027432866,0.546831377,0.01501229,3.243019168,0.030331539,263,1,48,38.8,29.3,18.2,13.7,84.3,10,3.5,2.3,5,1.7,9.8,40.5,22.3,20.8
Poland,PL,EU28,Europe,2009-2018,119,106,0,13,25,20,25.97916667,1.039166667,0.923958333,33,20,13,9,761.6634724,2015,3560.456658,2015,7644.903013,2015,38.005614,2015,0.156236979,0.033422679,0.015565927,0.114766014,0.009464299,0.740370202,0.019554689,85,1,20,31.4,30,23.5,15.1,71.8,11.4,6.5,10.3,24.5,3.8,3.8,46.6,5.9,15.6
Portugal,PT,EU28,Europe,2009-2018,68,61,0,7,3,3,6.5,2.166666667,2.166666667,10,4,6,7,229.9716707,2015,1325.7004,2015,2857.707434,2015,10.374822,2015,0.295688594,0.051293641,0.023795298,0.105617631,0.017364805,1.096979755,0.029756831,57,0,3,36.5,14.9,28.4,20.3,75,9.8,12,3.3,11.7,0,22.1,42.8,11.7,11.7
Romania,RO,EU28,Europe,2009-2018,60,50,0,10,17,8,21.66666667,1.274509804,1,20,10,10,3,326.9600725,2015,701.8863709,2015,1595.179982,2015,19.870647,2015,0.183508645,0.085483922,0.037613311,0.059260873,0.009044543,0.337802703,0.01461538,40,0,8,28.8,14.7,36.4,20.2,70.9,13.1,16,0,6.7,3.4,10.1,56,11.9,12
Slovakia,SK,EU28,Europe,2009-2018,13,12,0,1,2,2,2,1,1,4,3,1,2,121.4282086,2015,398.9137143,2015,1427.149754,2015,5.421349,2015,0.107059143,0.032588501,0.009109065,0.005626943,0.002813471,0.050011285,0.005772428,9,0,2,20.9,31.4,37.2,10.5,75.2,8.3,8.3,8.3,20.9,0,10.5,16.2,10.5,41.9
Slovenia,SI,EU28,Europe,2009-2018,10,6,0,4,3,1,2.333333333,0.777777778,1,4,1,3,1,49.58524263,2015,830.6370168,2015,1089.16677,2015,2.062874,2015,0.201672906,0.012038953,0.00918133,0.020158427,0.017449832,0.266456467,0.026571982,5,0,1,66.7,0,0,33.3,66.7,0,33.3,0,0,0,50,50,0,0
Spain,ES,EU28,Europe,2009-2018,337,299,0,38,41,31,41.16666667,1.004065041,0.884408602,70,42,28,30,1208.048752,2015,7740.474854,2015,14733.7478,2015,46.449565,2015,0.278962252,0.043537381,0.02287266,0.26779666,0.008272882,6.016438443,0.022937784,258,1,30,27.6,39.1,19.4,13.8,82.1,13.5,4.4,0,10.9,0.8,8.5,43.2,19.9,16.8
Sweden,SE,EU28,Europe,2009-2018,230,212,0,18,41,38,102.6583333,2.503861789,2.635745614,56,41,15,15,351.4409502,2015,7997.723856,2015,11476.26878,2015,9.747355,2015,0.654448492,0.028758182,0.020041357,0.311534643,0.012756744,1.775000828,0.026965154,170,2,37,23.5,34,27.1,15.3,65.3,19.1,6.1,9.5,4.7,1.3,9.1,49.6,14,21.2
United Kingdom,UK,EU28,Europe,2009-2018,1875,1766,2,107,163,149,201.2650794,1.234755088,1.221577714,287,191,95,128,2048.283992,2015,22650.68029,2015,34299.42808,2015,64.875165,2015,0.915400407,0.082778971,0.054665635,3.294286316,0.025129709,11.52770602,0.053326351,1575,13,140,39.7,33.3,16.3,10.7,82.3,11.2,4.5,1.9,7.2,1.2,5.6,50.8,13.7,21.7
_Total_,_Total_,Other European countries,Europe,2009-2018,949,777,12,160,378,243,431.3178571,1.1410525,1.0358931,425,266,147,49,NA,-,NA,-,NA,-,NA,-,NA,NA,NA,1.565793488,0.018243613,NA,NA,NA,NA,NA,16.3,31.8,34.4,17.4,70.9,20.4,5.6,3.1,11.3,2.3,17.3,35.6,18.4,15.2
Albania,AL,Other European countries,Europe,2009-2018,1,1,0,0,0,0,0.00,0.00,0.00,0,0,0,0,NA,-,NA,-,NA,-,2.89,2015,NA,NA,NA,NA,NA,NA,NA,1,0,0,NA,NA,NA,NA,NA,NA,NA,NA,NA,NA,NA,NA,NA,NA
Belarus,BY,Other European countries,Europe,2009-2018,22,21,0,1,1,0,0.50,0.50,0.00,2,1,1,1,NA,-,NA,-,NA,-,9.48,2015,NA,NA,NA,NA,NA,NA,NA,20,0,0,NA,NA,NA,NA,NA,NA,NA,NA,NA,NA,NA,NA,NA,NA
Bosnia and Herzegovina,BA,Other European countries,Europe,2009-2018,6,5,0,1,1,1,2.00,2.00,2.00,2,1,1,1,NA,-,NA,-,NA,-,3.83,2015,NA,NA,NA,NA,NA,NA,NA,4,0,1,NA,NA,NA,NA,NA,NA,NA,NA,NA,NA,NA,NA,NA,NA
Georgia,GE,Other European countries,Europe,2009-2018,10,10,0,0,1,1,0.50,0.50,0.50,1,1,0,0,NA,-,NA,-,NA,-,3.73,2015,NA,NA,NA,NA,NA,NA,NA,9,0,1,NA,NA,NA,NA,NA,NA,NA,NA,NA,NA,NA,NA,NA,NA
Iceland,IS,Other European countries,Europe,2009-2018,10,10,0,0,0,0,0.00,0.00,0.00,0,0,0,0,19.12,2015,NA,-,NA,-,0.33,2015,0.52,NA,NA,NA,NA,NA,NA,10,0,0,NA,NA,NA,NA,NA,NA,NA,NA,NA,NA,NA,NA,NA,NA
"Kosovo, Republic of",XK,Other European countries,Europe,2009-2018,2,1,0,1,0,0,0.00,0.00,0.00,1,0,1,1,NA,-,NA,-,NA,-,NA,-,NA,NA,NA,NA,NA,NA,NA,1,0,0,NA,NA,NA,NA,NA,NA,NA,NA,NA,NA,NA,NA,NA,NA
Liechtenstein,LI,Other European countries,Europe,2009-2018,2,2,0,0,0,0,0.00,0.00,0.00,0,0,0,0,NA,-,NA,-,NA,-,0.04,2015,NA,NA,NA,NA,NA,NA,NA,2,0,0,NA,NA,NA,NA,NA,NA,NA,NA,NA,NA,NA,NA,NA,NA
"Macedonia, the former Yugoslav Republic of",MK,Other European countries,Europe,2009-2018,1,1,0,0,0,0,0.00,0.00,0.00,0,0,0,0,NA,-,NA,-,NA,-,2.07,2015,NA,NA,NA,NA,NA,NA,NA,1,0,0,NA,NA,NA,NA,NA,NA,NA,NA,NA,NA,NA,NA,NA,NA
"Moldova, Republic of",MD,Other European countries,Europe,2009-2018,2,1,0,1,1,0,1.00,1.00,0.00,1,0,1,0,NA,-,NA,-,NA,-,3.56,2015,NA,NA,NA,NA,NA,NA,NA,1,0,0,NA,NA,NA,NA,NA,NA,NA,NA,NA,NA,NA,NA,NA,NA
Monaco,MC,Other European countries,Europe,2009-2018,2,2,0,0,0,0,0.00,0.00,0.00,0,0,0,0,NA,-,NA,-,NA,-,0.04,2015,NA,NA,NA,NA,NA,NA,NA,2,0,0,NA,NA,NA,NA,NA,NA,NA,NA,NA,NA,NA,NA,NA,NA
Norway,NO,Other European countries,Europe,2009-2018,79,72,0,7,10,9,16.00,1.60,1.67,12,10,2,2,240.43,2015,2501.77,2015,4642.58,2015,5.17,2015,0.33,0.03,0.02,NA,NA,NA,NA,62,0,9,NA,NA,NA,NA,NA,NA,NA,NA,NA,NA,NA,NA,NA,NA
Russian Federation,RU,Other European countries,Europe,2009-2018,500,366,12,122,313,190,356.03,1.14,1.00,331,197,122,18,2590.53,2015,16854.68,2015,28468.17,2015,143.67,2014,0.19,0.03,0.02,NA,NA,NA,NA,169,4,186,NA,NA,NA,NA,NA,NA,NA,NA,NA,NA,NA,NA,NA,NA
Serbia,RS,Other European countries,Europe,2009-2018,12,12,0,0,4,4,4.50,1.13,1.13,4,4,0,0,NA,-,NA,-,NA,-,7.11,2015,NA,NA,NA,NA,NA,NA,NA,8,0,4,NA,NA,NA,NA,NA,NA,NA,NA,NA,NA,NA,NA,NA,NA
Switzerland,CH,Other European countries,Europe,2009-2018,221,200,0,21,31,27,36.64,1.18,1.23,52,39,13,23,391.36,2015,7153.18,2012,10328.03,2012,8.24,2015,0.56,0.03,0.02,NA,NA,NA,NA,161,2,25,NA,NA,NA,NA,NA,NA,NA,NA,NA,NA,NA,NA,NA,NA
Ukraine,UA,Other European countries,Europe,2009-2018,79,73,0,6,16,11,14.14,0.88,0.62,19,13,6,3,NA,-,NA,-,NA,-,42.76,2015,NA,NA,NA,NA,NA,NA,NA,60,0,11,NA,NA,NA,NA,NA,NA,NA,NA,NA,NA,NA,NA,NA,NA
_Total_,_Total_,_Total_,Oceania,2009-2018,467,427,0,40,72,68,98.01666667,1.3613426,1.3997549,123,85,38,54,NA,-,NA,-,NA,-,NA,-,NA,NA,NA,0.821611486,0.01439529,NA,NA,NA,NA,NA,14.3,15.4,31.8,38.5,78.3,9.8,5.5,6.4,11.6,2.7,25,22.3,15.2,23.4
Australia,AU,Oceania,Oceania,2009-2018,416,382,0,34,58,55,40.18,0.69,0.69,103,71,32,48,844.67,2015,8503.20,2015,15914.32,2015,23.49,2014,0.49,0.05,0.03,NA,NA,NA,NA,311,0,55,NA,NA,NA,NA,NA,NA,NA,NA,NA,NA,NA,NA,NA,NA
Marshall Islands,MH,Oceania,Oceania,2009-2018,1,1,0,0,0,0,0.00,0.00,0.00,0,0,0,0,NA,-,NA,-,NA,-,NA,-,NA,NA,NA,NA,NA,NA,NA,1,0,0,NA,NA,NA,NA,NA,NA,NA,NA,NA,NA,NA,NA,NA,NA
New Zealand,NZ,Oceania,Oceania,2009-2018,47,41,0,6,11,10,12.83,1.17,1.25,17,11,6,6,188.96,2015,1144.69,2013,2466.69,2013,4.51,2014,0.25,0.04,0.02,NA,NA,NA,NA,30,0,10,NA,NA,NA,NA,NA,NA,NA,NA,NA,NA,NA,NA,NA,NA
Papua New Guinea,PG,Oceania,Oceania,2009-2018,2,2,0,0,2,2,44.00,22.00,22.00,2,2,0,0,NA,-,NA,-,NA,-,NA,-,NA,NA,NA,NA,NA,NA,NA,NA,NA,NA,NA,NA,NA,NA,NA,NA,NA,NA,NA,NA,NA,NA,NA,NA
Solomon Islands,SB,Oceania,Oceania,2009-2018,1,1,0,0,1,1,1.00,1.00,1.00,1,1,0,0,NA,-,NA,-,NA,-,NA,-,NA,NA,NA,NA,NA,NA,NA,NA,NA,NA,NA,NA,NA,NA,NA,NA,NA,NA,NA,NA,NA,NA,NA,NA
