GEO_AREA,GEO_AREA_CODE,MACRO_GEO_AREA,CONTINENT,TIME_PERIOD,AI_SUBDM,RCA,WORLD_SHARE
_Total_,_Total_,_Total_,_Total_,2009-2018,AI Services,1,1
_Total_,_Total_,_Total_,_Total_,2009-2018,Computer Vision,1,1
_Total_,_Total_,_Total_,_Total_,2009-2018,Connected and Automated Vehicles,1,1
_Total_,_Total_,_Total_,_Total_,2009-2018,Machine Learning,1,1
_Total_,_Total_,_Total_,_Total_,2009-2018,Natural Language Processing,1,1
_Total_,_Total_,_Total_,_Total_,2009-2018,Robotics & Automation,1,1
Algeria,DZ,Africa,Africa,2009-2018,AI Services,0.586931926,7.8797E-05
Algeria,DZ,Africa,Africa,2009-2018,Machine Learning,3.159895007,0.000424224
Algeria,DZ,Africa,Africa,2009-2018,Robotics & Automation,1.278519612,0.000171644
Benin,BJ,Africa,Africa,2009-2018,AI Services,1.905199666,0.000919299
Benin,BJ,Africa,Africa,2009-2018,Connected and Automated Vehicles,0.946323735,0.000456621
Benin,BJ,Africa,Africa,2009-2018,Machine Learning,0.725929821,0.000350276
Benin,BJ,Africa,Africa,2009-2018,Natural Language Processing,0.502208961,0.000242326
Benin,BJ,Africa,Africa,2009-2018,Robotics & Automation,2.134344984,0.001029866
Botswana,BW,Africa,Africa,2009-2018,AI Services,3.334099416,6.56642E-05
C_te d'Ivoire,CI,Africa,Africa,2009-2018,AI Services,1.667049708,0.000131328
C_te d'Ivoire,CI,Africa,Africa,2009-2018,Computer Vision,1.612314239,0.000127016
C_te d'Ivoire,CI,Africa,Africa,2009-2018,Robotics & Automation,13.07286303,0.001029866
Cameroon,CM,Africa,Africa,2009-2018,AI Services,1.403831333,0.000262657
Cameroon,CM,Africa,Africa,2009-2018,Machine Learning,2.288164757,0.000428116
Cameroon,CM,Africa,Africa,2009-2018,Natural Language Processing,0,0
"Congo, the Democratic Republic of the",CD,Africa,Africa,2009-2018,AI Services,3.334099416,6.56642E-05
Egypt,EG,Africa,Africa,2009-2018,AI Services,2.500574562,0.001181955
Egypt,EG,Africa,Africa,2009-2018,Computer Vision,0.06717976,3.17541E-05
Egypt,EG,Africa,Africa,2009-2018,Connected and Automated Vehicles,0.483019406,0.000228311
Egypt,EG,Africa,Africa,2009-2018,Machine Learning,0.329357048,0.000155678
Egypt,EG,Africa,Africa,2009-2018,Natural Language Processing,0.341781099,0.000161551
Egypt,EG,Africa,Africa,2009-2018,Robotics & Automation,2.178810505,0.001029866
Ghana,GH,Africa,Africa,2009-2018,AI Services,2.400551579,0.000590978
Ghana,GH,Africa,Africa,2009-2018,Computer Vision,0.515940556,0.000127016
Ghana,GH,Africa,Africa,2009-2018,Connected and Automated Vehicles,1.059882583,0.000260926
Ghana,GH,Africa,Africa,2009-2018,Machine Learning,0.158091383,3.89196E-05
Ghana,GH,Africa,Africa,2009-2018,Natural Language Processing,0,0
Guinea,GN,Africa,Africa,2009-2018,AI Services,3.334099416,0.000131328
Kenya,KE,Africa,Africa,2009-2018,AI Services,1.667049708,0.000393985
Kenya,KE,Africa,Africa,2009-2018,Computer Vision,2.149752318,0.000508066
Kenya,KE,Africa,Africa,2009-2018,Machine Learning,0.658714097,0.000155678
Kenya,KE,Africa,Africa,2009-2018,Natural Language Processing,0,0
Liberia,LR,Africa,Africa,2009-2018,AI Services,1.667049708,6.56642E-05
Liberia,LR,Africa,Africa,2009-2018,Robotics & Automation,26.14572606,0.001029866
Madagascar,MG,Africa,Africa,2009-2018,AI Services,3.334099416,6.56642E-05
Madagascar,MG,Africa,Africa,2009-2018,Natural Language Processing,0,0
Mauritius,MU,Africa,Africa,2009-2018,AI Services,1.818599681,0.000196993
Mauritius,MU,Africa,Africa,2009-2018,Computer Vision,0.586296087,6.35082E-05
Mauritius,MU,Africa,Africa,2009-2018,Connected and Automated Vehicles,1.204412026,0.000130463
Mauritius,MU,Africa,Africa,2009-2018,Natural Language Processing,1.49140843,0.000161551
Morocco,MA,Africa,Africa,2009-2018,AI Services,1.226088172,0.00124762
Morocco,MA,Africa,Africa,2009-2018,Computer Vision,1.123418953,0.001143147
Morocco,MA,Africa,Africa,2009-2018,Connected and Automated Vehicles,0.256423206,0.000260926
Morocco,MA,Africa,Africa,2009-2018,Machine Learning,1.007195103,0.001024883
Morocco,MA,Africa,Africa,2009-2018,Natural Language Processing,1.270102663,0.001292407
Morocco,MA,Africa,Africa,2009-2018,Robotics & Automation,0.506046311,0.000514933
Mozambique,MZ,Africa,Africa,2009-2018,AI Services,1.667049708,6.56642E-05
Mozambique,MZ,Africa,Africa,2009-2018,Machine Learning,0.988071145,3.89196E-05
Mozambique,MZ,Africa,Africa,2009-2018,Natural Language Processing,2.050686591,8.07754E-05
Namibia,NA,Africa,Africa,2009-2018,Computer Vision,6.449256954,6.35082E-05
Nigeria,NG,Africa,Africa,2009-2018,AI Services,3.030999469,0.001116291
Nigeria,NG,Africa,Africa,2009-2018,Computer Vision,0.344880051,0.000127016
Nigeria,NG,Africa,Africa,2009-2018,Connected and Automated Vehicles,0.247967182,9.13242E-05
Nigeria,NG,Africa,Africa,2009-2018,Natural Language Processing,0,0
Reunion,RE,Africa,Africa,2009-2018,AI Services,3.334099416,6.56642E-05
Rwanda,RW,Africa,Africa,2009-2018,AI Services,3.334099416,6.56642E-05
Seychelles,SC,Africa,Africa,2009-2018,AI Services,1.667049708,6.56642E-05
Seychelles,SC,Africa,Africa,2009-2018,Connected and Automated Vehicles,3.312133072,0.000130463
South Africa,ZA,Africa,Africa,2009-2018,AI Services,2.027132445,0.002495239
South Africa,ZA,Africa,Africa,2009-2018,Computer Vision,0.361158389,0.000444557
South Africa,ZA,Africa,Africa,2009-2018,Connected and Automated Vehicles,0.476947162,0.000587084
South Africa,ZA,Africa,Africa,2009-2018,Machine Learning,0.727220363,0.000895151
South Africa,ZA,Africa,Africa,2009-2018,Natural Language Processing,0.393731826,0.000484653
South Africa,ZA,Africa,Africa,2009-2018,Robotics & Automation,1.673326468,0.002059732
"Tanzania, United Republic of",TZ,Africa,Africa,2009-2018,AI Services,3.334099416,6.56642E-05
Togo,TG,Africa,Africa,2009-2018,Connected and Automated Vehicles,1.104044357,6.52316E-05
Togo,TG,Africa,Africa,2009-2018,Machine Learning,1.317428193,7.78392E-05
Togo,TG,Africa,Africa,2009-2018,Natural Language Processing,4.101373183,0.000242326
Tunisia,TN,Africa,Africa,2009-2018,AI Services,2.326115871,0.000656642
Tunisia,TN,Africa,Africa,2009-2018,Connected and Automated Vehicles,0.462158103,0.000130463
Tunisia,TN,Africa,Africa,2009-2018,Machine Learning,0.643395164,0.000181625
Tunisia,TN,Africa,Africa,2009-2018,Natural Language Processing,0,0
Tunisia,TN,Africa,Africa,2009-2018,Robotics & Automation,3.648240845,0.001029866
Uganda,UG,Africa,Africa,2009-2018,AI Services,0.645309564,6.56642E-05
Uganda,UG,Africa,Africa,2009-2018,Computer Vision,1.872364922,0.000190525
Uganda,UG,Africa,Africa,2009-2018,Connected and Automated Vehicles,1.282116028,0.000130463
Uganda,UG,Africa,Africa,2009-2018,Machine Learning,1.27493051,0.000129732
Uganda,UG,Africa,Africa,2009-2018,Natural Language Processing,0,0
Zambia,ZM,Africa,Africa,2009-2018,Computer Vision,6.449256954,0.000127016
Zimbabwe,ZW,Africa,Africa,2009-2018,Natural Language Processing,0,0
Canada,CA,Canada,Americas,2009-2018,AI Services,1.991092949,0.043968744
Canada,CA,Canada,Americas,2009-2018,Computer Vision,0.322103357,0.007112918
Canada,CA,Canada,Americas,2009-2018,Connected and Automated Vehicles,0.113727646,0.002511416
Canada,CA,Canada,Americas,2009-2018,Machine Learning,0.888801389,0.01962715
Canada,CA,Canada,Americas,2009-2018,Natural Language Processing,0.631590133,0.013947227
Canada,CA,Canada,Americas,2009-2018,Robotics & Automation,1.768309975,0.03904909
Argentina,AR,Other American countries,Americas,2009-2018,AI Services,2.199236824,0.001707269
Argentina,AR,Other American countries,Americas,2009-2018,Computer Vision,0.327235025,0.000254033
Argentina,AR,Other American countries,Americas,2009-2018,Connected and Automated Vehicles,0.378129357,0.000293542
Argentina,AR,Other American countries,Americas,2009-2018,Machine Learning,0.685174071,0.000531901
Argentina,AR,Other American countries,Americas,2009-2018,Natural Language Processing,0.312155253,0.000242326
Argentina,AR,Other American countries,Americas,2009-2018,Robotics & Automation,1.105527529,0.000858222
Barbados,BB,Other American countries,Americas,2009-2018,AI Services,2.222732944,6.56642E-05
Barbados,BB,Other American countries,Americas,2009-2018,Natural Language Processing,2.734248788,8.07754E-05
Bermuda,BM,Other American countries,Americas,2009-2018,Natural Language Processing,8.202746365,0.000323102
"Bolivia, Plurinational State of",BO,Other American countries,Americas,2009-2018,AI Services,1.667049708,0.000131328
"Bolivia, Plurinational State of",BO,Other American countries,Americas,2009-2018,Computer Vision,1.612314239,0.000127016
"Bolivia, Plurinational State of",BO,Other American countries,Americas,2009-2018,Connected and Automated Vehicles,1.656066536,0.000130463
"Bolivia, Plurinational State of",BO,Other American countries,Americas,2009-2018,Natural Language Processing,0,0
Brazil,BR,Other American countries,Americas,2009-2018,AI Services,1.990655918,0.006555475
Brazil,BR,Other American countries,Americas,2009-2018,Computer Vision,0.511054999,0.001682967
Brazil,BR,Other American countries,Americas,2009-2018,Connected and Automated Vehicles,0.529875264,0.001744945
Brazil,BR,Other American countries,Americas,2009-2018,Machine Learning,0.273793948,0.000901637
Brazil,BR,Other American countries,Americas,2009-2018,Natural Language Processing,1.136488158,0.003742596
Brazil,BR,Other American countries,Americas,2009-2018,Robotics & Automation,1.876393996,0.006179197
Cayman Islands,KY,Other American countries,Americas,2009-2018,AI Services,0.941392776,0.000262657
Cayman Islands,KY,Other American countries,Americas,2009-2018,Computer Vision,0.455241667,0.000127016
Cayman Islands,KY,Other American countries,Americas,2009-2018,Machine Learning,1.162436641,0.00032433
Cayman Islands,KY,Other American countries,Americas,2009-2018,Natural Language Processing,2.895086952,0.000807754
Chile,CL,Other American countries,Americas,2009-2018,AI Services,2.410192349,0.001969926
Chile,CL,Other American countries,Americas,2009-2018,Computer Vision,0.155403782,0.000127016
Chile,CL,Other American countries,Americas,2009-2018,Connected and Automated Vehicles,0.159620871,0.000130463
Chile,CL,Other American countries,Americas,2009-2018,Machine Learning,0.571414638,0.000467035
Chile,CL,Other American countries,Americas,2009-2018,Natural Language Processing,0.395313078,0.000323102
Chile,CL,Other American countries,Americas,2009-2018,Robotics & Automation,1.890052486,0.001544799
Colombia,CO,Other American countries,Americas,2009-2018,AI Services,1.771743651,0.000722306
Colombia,CO,Other American countries,Americas,2009-2018,Computer Vision,0.311558307,0.000127016
Colombia,CO,Other American countries,Americas,2009-2018,Connected and Automated Vehicles,0.400016072,0.000163079
Colombia,CO,Other American countries,Americas,2009-2018,Machine Learning,1.422440586,0.000579902
Colombia,CO,Other American countries,Americas,2009-2018,Natural Language Processing,0,0
Costa Rica,CR,Other American countries,Americas,2009-2018,Computer Vision,2.149752318,0.000127016
Costa Rica,CR,Other American countries,Americas,2009-2018,Connected and Automated Vehicles,1.104044357,6.52316E-05
Costa Rica,CR,Other American countries,Americas,2009-2018,Machine Learning,1.97614229,0.000116759
Cuba,CU,Other American countries,Americas,2009-2018,AI Services,1.066911813,0.000131328
Cuba,CU,Other American countries,Americas,2009-2018,Connected and Automated Vehicles,3.444618395,0.000424005
Cuba,CU,Other American countries,Americas,2009-2018,Robotics & Automation,8.366632338,0.001029866
Dominican Republic,DO,Other American countries,Americas,2009-2018,AI Services,0.913451895,0.000328321
Dominican Republic,DO,Other American countries,Americas,2009-2018,Computer Vision,0.353383943,0.000127016
Dominican Republic,DO,Other American countries,Americas,2009-2018,Machine Learning,0.866254155,0.000311357
Dominican Republic,DO,Other American countries,Americas,2009-2018,Natural Language Processing,3.708090823,0.001332795
Ecuador,EC,Other American countries,Americas,2009-2018,AI Services,1.860892697,0.000525314
Ecuador,EC,Other American countries,Americas,2009-2018,Computer Vision,0.44994816,0.000127016
Ecuador,EC,Other American countries,Americas,2009-2018,Machine Learning,1.194876734,0.000337303
Ecuador,EC,Other American countries,Americas,2009-2018,Natural Language Processing,0.57228463,0.000161551
Guatemala,GT,Other American countries,Americas,2009-2018,Computer Vision,6.449256954,0.000127016
Guatemala,GT,Other American countries,Americas,2009-2018,Natural Language Processing,0,0
Guyana,GY,Other American countries,Americas,2009-2018,Machine Learning,3.95228458,7.78392E-05
Haiti,HT,Other American countries,Americas,2009-2018,Natural Language Processing,0,0
Honduras,HN,Other American countries,Americas,2009-2018,AI Services,3.334099416,6.56642E-05
Jamaica,JM,Other American countries,Americas,2009-2018,AI Services,0.952599833,6.56642E-05
Jamaica,JM,Other American countries,Americas,2009-2018,Machine Learning,1.129224166,7.78392E-05
Jamaica,JM,Other American countries,Americas,2009-2018,Natural Language Processing,3.515462728,0.000242326
Mexico,MX,Other American countries,Americas,2009-2018,AI Services,1.525056297,0.0053188
Mexico,MX,Other American countries,Americas,2009-2018,Computer Vision,0.218516,0.000762098
Mexico,MX,Other American countries,Americas,2009-2018,Connected and Automated Vehicles,3.17964775,0.011089367
Mexico,MX,Other American countries,Americas,2009-2018,Machine Learning,0.091135033,0.000317843
Mexico,MX,Other American countries,Americas,2009-2018,Natural Language Processing,0,0
Mexico,MX,Other American countries,Americas,2009-2018,Robotics & Automation,0.295292906,0.001029866
Nicaragua,NI,Other American countries,Americas,2009-2018,Natural Language Processing,8.202746365,8.07754E-05
Panama,PA,Other American countries,Americas,2009-2018,AI Services,0.493940654,0.000262657
Panama,PA,Other American countries,Americas,2009-2018,Computer Vision,2.388613687,0.001270164
Panama,PA,Other American countries,Americas,2009-2018,Connected and Automated Vehicles,0.736029572,0.000391389
Panama,PA,Other American countries,Americas,2009-2018,Machine Learning,0.683110915,0.00036325
Panama,PA,Other American countries,Americas,2009-2018,Natural Language Processing,1.620295578,0.000861605
Peru,PE,Other American countries,Americas,2009-2018,AI Services,1.26060473,0.00027579
Peru,PE,Other American countries,Americas,2009-2018,Computer Vision,0.58057827,0.000127016
Peru,PE,Other American countries,Americas,2009-2018,Connected and Automated Vehicles,0.372708148,8.15395E-05
Peru,PE,Other American countries,Americas,2009-2018,Machine Learning,1.82048217,0.000398277
Peru,PE,Other American countries,Americas,2009-2018,Natural Language Processing,0,0
Peru,PE,Other American countries,Americas,2009-2018,Robotics & Automation,0.784567924,0.000171644
Puerto Rico,PR,Other American countries,Americas,2009-2018,AI Services,2.989192579,0.000853635
Puerto Rico,PR,Other American countries,Americas,2009-2018,Computer Vision,0.444776342,0.000127016
Puerto Rico,PR,Other American countries,Americas,2009-2018,Natural Language Processing,0.282853323,8.07754E-05
Saint Kitts and Nevis,KN,Other American countries,Americas,2009-2018,AI Services,2.222732944,6.56642E-05
Saint Kitts and Nevis,KN,Other American countries,Americas,2009-2018,Machine Learning,1.317428193,3.89196E-05
Trinidad and Tobago,TT,Other American countries,Americas,2009-2018,Natural Language Processing,0,0
Uruguay,UY,Other American countries,Americas,2009-2018,AI Services,3.07763023,0.000393985
Uruguay,UY,Other American countries,Americas,2009-2018,Machine Learning,0.304021891,3.89196E-05
Uruguay,UY,Other American countries,Americas,2009-2018,Natural Language Processing,0,0
"Venezuela, Bolivarian Republic of",VE,Other American countries,Americas,2009-2018,AI Services,1.887226084,0.000656642
"Venezuela, Bolivarian Republic of",VE,Other American countries,Americas,2009-2018,Computer Vision,0.36505228,0.000127016
"Venezuela, Bolivarian Republic of",VE,Other American countries,Americas,2009-2018,Connected and Automated Vehicles,0.187479231,6.52316E-05
"Venezuela, Bolivarian Republic of",VE,Other American countries,Americas,2009-2018,Machine Learning,0.857571182,0.000298384
"Venezuela, Bolivarian Republic of",VE,Other American countries,Americas,2009-2018,Natural Language Processing,0.464306398,0.000161551
"Venezuela, Bolivarian Republic of",VE,Other American countries,Americas,2009-2018,Robotics & Automation,3.946524688,0.001373155
"Virgin Islands, British",VG,Other American countries,Americas,2009-2018,Connected and Automated Vehicles,4.940130684,0.00095673
"Virgin Islands, British",VG,Other American countries,Americas,2009-2018,Machine Learning,0.200963623,3.89196E-05
"Virgin Islands, British",VG,Other American countries,Americas,2009-2018,Natural Language Processing,1.668355193,0.000323102
United States,US,US,Americas,2009-2018,AI Services,1.6437049,0.433988881
United States,US,US,Americas,2009-2018,Computer Vision,0.331550941,0.087539693
United States,US,US,Americas,2009-2018,Connected and Automated Vehicles,0.56548933,0.149306656
United States,US,US,Americas,2009-2018,Machine Learning,0.794498153,0.209772061
United States,US,US,Americas,2009-2018,Natural Language Processing,1.181432075,0.311934572
United States,US,US,Americas,2009-2018,Robotics & Automation,1.316436134,0.347579815
China,CN,China,Asia,2009-2018,AI Services,0.142991292,0.054869469
China,CN,China,Asia,2009-2018,Computer Vision,1.746150325,0.670043186
China,CN,China,Asia,2009-2018,Connected and Automated Vehicles,1.48739385,0.570751613
China,CN,China,Asia,2009-2018,Machine Learning,1.40177127,0.537896007
China,CN,China,Asia,2009-2018,Natural Language Processing,0.806857813,0.309612278
China,CN,China,Asia,2009-2018,Robotics & Automation,0.459387102,0.17627875
India,IN,India,Asia,2009-2018,AI Services,2.74530307,0.066815506
India,IN,India,Asia,2009-2018,Computer Vision,0.088285133,0.002148694
India,IN,India,Asia,2009-2018,Connected and Automated Vehicles,0.166939586,0.004062995
India,IN,India,Asia,2009-2018,Machine Learning,0.375500255,0.009138969
India,IN,India,Asia,2009-2018,Natural Language Processing,0.184308827,0.00448573
India,IN,India,Asia,2009-2018,Robotics & Automation,1.05787369,0.025746653
Japan,JP,Japan,Asia,2009-2018,AI Services,0.43343696,0.015280058
Japan,JP,Japan,Asia,2009-2018,Computer Vision,1.692195095,0.059655362
Japan,JP,Japan,Asia,2009-2018,Connected and Automated Vehicles,1.166967248,0.041139378
Japan,JP,Japan,Asia,2009-2018,Machine Learning,0.472107365,0.016643315
Japan,JP,Japan,Asia,2009-2018,Natural Language Processing,2.520267643,0.088847604
Japan,JP,Japan,Asia,2009-2018,Robotics & Automation,0.248313677,0.008753862
Afghanistan,AF,Middle East,Asia,2009-2018,Computer Vision,6.449256954,2.54033E-05
Armenia,AM,Middle East,Asia,2009-2018,AI Services,2.222732944,0.000328321
Armenia,AM,Middle East,Asia,2009-2018,Connected and Automated Vehicles,0.883235486,0.000130463
Armenia,AM,Middle East,Asia,2009-2018,Machine Learning,0.790456916,0.000116759
Armenia,AM,Middle East,Asia,2009-2018,Natural Language Processing,0,0
"Iran, Islamic Republic of",IR,Middle East,Asia,2009-2018,AI Services,1.672858243,0.00078797
"Iran, Islamic Republic of",IR,Middle East,Asia,2009-2018,Connected and Automated Vehicles,0.2769728,0.000130463
"Iran, Islamic Republic of",IR,Middle East,Asia,2009-2018,Machine Learning,1.473499826,0.000694066
"Iran, Islamic Republic of",IR,Middle East,Asia,2009-2018,Natural Language Processing,0,0
"Iran, Islamic Republic of",IR,Middle East,Asia,2009-2018,Robotics & Automation,4.372804358,0.002059732
Israel,IL,Middle East,Asia,2009-2018,AI Services,2.238467203,0.016711537
Israel,IL,Middle East,Asia,2009-2018,Computer Vision,0.246695988,0.001841738
Israel,IL,Middle East,Asia,2009-2018,Connected and Automated Vehicles,0.155529288,0.001161122
Israel,IL,Middle East,Asia,2009-2018,Machine Learning,0.651647343,0.004864949
Israel,IL,Middle East,Asia,2009-2018,Natural Language Processing,0.48508151,0.003621432
Israel,IL,Middle East,Asia,2009-2018,Robotics & Automation,2.241653439,0.016735324
Jordan,JO,Middle East,Asia,2009-2018,AI Services,1.667049708,0.000262657
Jordan,JO,Middle East,Asia,2009-2018,Connected and Automated Vehicles,0.828033268,0.000130463
Jordan,JO,Middle East,Asia,2009-2018,Machine Learning,1.482106718,0.000233518
Jordan,JO,Middle East,Asia,2009-2018,Natural Language Processing,0,0
Kuwait,KW,Middle East,Asia,2009-2018,AI Services,3.334099416,6.56642E-05
Lebanon,LB,Middle East,Asia,2009-2018,AI Services,2.593188434,0.000459649
Lebanon,LB,Middle East,Asia,2009-2018,Machine Learning,0.439142731,7.78392E-05
Lebanon,LB,Middle East,Asia,2009-2018,Natural Language Processing,0.911416263,0.000161551
Oman,OM,Middle East,Asia,2009-2018,Machine Learning,3.95228458,1.94598E-05
Oman,OM,Middle East,Asia,2009-2018,Natural Language Processing,0,0
"Palestinian Territory, Occupied",PS,Middle East,Asia,2009-2018,AI Services,0.854288818,0.000393985
"Palestinian Territory, Occupied",PS,Middle East,Asia,2009-2018,Computer Vision,0.275413108,0.000127016
"Palestinian Territory, Occupied",PS,Middle East,Asia,2009-2018,Machine Learning,2.391061846,0.001102722
"Palestinian Territory, Occupied",PS,Middle East,Asia,2009-2018,Natural Language Processing,0,0
"Palestinian Territory, Occupied",PS,Middle East,Asia,2009-2018,Robotics & Automation,5.024445577,0.002317199
Qatar,QA,Middle East,Asia,2009-2018,AI Services,0.689813672,0.000131328
Qatar,QA,Middle East,Asia,2009-2018,Machine Learning,2.316856478,0.000441089
Qatar,QA,Middle East,Asia,2009-2018,Natural Language Processing,1.697119938,0.000323102
Saudi Arabia,SA,Middle East,Asia,2009-2018,AI Services,0.48203847,0.000393985
Saudi Arabia,SA,Middle East,Asia,2009-2018,Computer Vision,0.854720801,0.00069859
Saudi Arabia,SA,Middle East,Asia,2009-2018,Connected and Automated Vehicles,0.957725226,0.000782779
Saudi Arabia,SA,Middle East,Asia,2009-2018,Machine Learning,1.999951233,0.001634623
Saudi Arabia,SA,Middle East,Asia,2009-2018,Natural Language Processing,0.592969617,0.000484653
Turkey,TR,Middle East,Asia,2009-2018,AI Services,1.94009498,0.00328321
Turkey,TR,Middle East,Asia,2009-2018,Computer Vision,0.375278883,0.000635082
Turkey,TR,Middle East,Asia,2009-2018,Connected and Automated Vehicles,0.248715138,0.000420899
Turkey,TR,Middle East,Asia,2009-2018,Machine Learning,0.944456821,0.001598298
Turkey,TR,Middle East,Asia,2009-2018,Natural Language Processing,0.397761261,0.000673129
Turkey,TR,Middle East,Asia,2009-2018,Robotics & Automation,1.825687319,0.003089598
United Arab Emirates,AE,Middle East,Asia,2009-2018,AI Services,3.087957848,0.003020553
United Arab Emirates,AE,Middle East,Asia,2009-2018,Connected and Automated Vehicles,0.066687243,6.52316E-05
United Arab Emirates,AE,Middle East,Asia,2009-2018,Machine Learning,0.172415099,0.000168652
United Arab Emirates,AE,Middle East,Asia,2009-2018,Natural Language Processing,0,0
United Arab Emirates,AE,Middle East,Asia,2009-2018,Robotics & Automation,1.052848029,0.001029866
Bangladesh,BD,Other Asian countries,Asia,2009-2018,AI Services,2.549605435,0.000853635
Bangladesh,BD,Other Asian countries,Asia,2009-2018,Connected and Automated Vehicles,0.389662714,0.000130463
Bangladesh,BD,Other Asian countries,Asia,2009-2018,Machine Learning,0.464974656,0.000155678
Bangladesh,BD,Other Asian countries,Asia,2009-2018,Natural Language Processing,0,0
Bangladesh,BD,Other Asian countries,Asia,2009-2018,Robotics & Automation,3.075967771,0.001029866
Brunei Darussalam,BN,Other Asian countries,Asia,2009-2018,AI Services,3.334099416,0.000131328
Indonesia,ID,Other Asian countries,Asia,2009-2018,AI Services,3.137975921,0.001575941
Indonesia,ID,Other Asian countries,Asia,2009-2018,Computer Vision,0.126456019,6.35082E-05
Indonesia,ID,Other Asian countries,Asia,2009-2018,Connected and Automated Vehicles,0.259775143,0.000130463
Indonesia,ID,Other Asian countries,Asia,2009-2018,Natural Language Processing,0,0
Kazakhstan,KZ,Other Asian countries,Asia,2009-2018,AI Services,0.487916988,6.56642E-05
Kazakhstan,KZ,Other Asian countries,Asia,2009-2018,Computer Vision,0.943793701,0.000127016
Kazakhstan,KZ,Other Asian countries,Asia,2009-2018,Connected and Automated Vehicles,0.323134934,4.34877E-05
Kazakhstan,KZ,Other Asian countries,Asia,2009-2018,Machine Learning,1.542354958,0.000207571
Kazakhstan,KZ,Other Asian countries,Asia,2009-2018,Natural Language Processing,1.000334923,0.000134626
Kazakhstan,KZ,Other Asian countries,Asia,2009-2018,Robotics & Automation,7.652407626,0.001029866
"Korea, Democratic People's Republic of",KP,Other Asian countries,Asia,2009-2018,Computer Vision,6.449256954,4.23388E-05
Kyrgyzstan,KG,Other Asian countries,Asia,2009-2018,AI Services,3.334099416,0.000131328
Lao People's Democratic Republic,LA,Other Asian countries,Asia,2009-2018,Computer Vision,6.449256954,0.000127016
Macao,MO,Other Asian countries,Asia,2009-2018,Computer Vision,3.224628477,0.000127016
Macao,MO,Other Asian countries,Asia,2009-2018,Machine Learning,1.97614229,7.78392E-05
Malaysia,MY,Other Asian countries,Asia,2009-2018,AI Services,1.349541339,0.00282356
Malaysia,MY,Other Asian countries,Asia,2009-2018,Computer Vision,0.742666239,0.001553834
Malaysia,MY,Other Asian countries,Asia,2009-2018,Connected and Automated Vehicles,2.057741915,0.004305284
Malaysia,MY,Other Asian countries,Asia,2009-2018,Machine Learning,0.316232371,0.000661633
Malaysia,MY,Other Asian countries,Asia,2009-2018,Natural Language Processing,0.579108231,0.001211632
Malaysia,MY,Other Asian countries,Asia,2009-2018,Robotics & Automation,0.984464113,0.002059732
Mongolia,MN,Other Asian countries,Asia,2009-2018,Computer Vision,2.010158012,0.000762098
Mongolia,MN,Other Asian countries,Asia,2009-2018,Connected and Automated Vehicles,1.720588609,0.000652316
Mongolia,MN,Other Asian countries,Asia,2009-2018,Machine Learning,1.488522764,0.000564334
Mongolia,MN,Other Asian countries,Asia,2009-2018,Natural Language Processing,0.426116694,0.000161551
Myanmar,MM,Other Asian countries,Asia,2009-2018,AI Services,1.111366472,6.56642E-05
Myanmar,MM,Other Asian countries,Asia,2009-2018,Computer Vision,2.149752318,0.000127016
Myanmar,MM,Other Asian countries,Asia,2009-2018,Machine Learning,1.317428193,7.78392E-05
Nepal,NP,Other Asian countries,Asia,2009-2018,AI Services,2.381499583,0.000328321
Nepal,NP,Other Asian countries,Asia,2009-2018,Connected and Automated Vehicles,0.946323735,0.000130463
Nepal,NP,Other Asian countries,Asia,2009-2018,Machine Learning,0.564612083,7.78392E-05
Nepal,NP,Other Asian countries,Asia,2009-2018,Natural Language Processing,0,0
Pakistan,PK,Other Asian countries,Asia,2009-2018,AI Services,2.179988079,0.001116291
Pakistan,PK,Other Asian countries,Asia,2009-2018,Computer Vision,0.496096689,0.000254033
Pakistan,PK,Other Asian countries,Asia,2009-2018,Connected and Automated Vehicles,0.382169201,0.000195695
Pakistan,PK,Other Asian countries,Asia,2009-2018,Machine Learning,0.684049254,0.000350276
Pakistan,PK,Other Asian countries,Asia,2009-2018,Natural Language Processing,0,0
Pakistan,PK,Other Asian countries,Asia,2009-2018,Robotics & Automation,2.011209697,0.001029866
Philippines,PH,Other Asian countries,Asia,2009-2018,AI Services,1.233836132,0.000984963
Philippines,PH,Other Asian countries,Asia,2009-2018,Computer Vision,1.172110022,0.000935687
Philippines,PH,Other Asian countries,Asia,2009-2018,Connected and Automated Vehicles,0.544758729,0.000434877
Philippines,PH,Other Asian countries,Asia,2009-2018,Machine Learning,0.666297976,0.000531901
Philippines,PH,Other Asian countries,Asia,2009-2018,Natural Language Processing,1.214222324,0.000969305
Philippines,PH,Other Asian countries,Asia,2009-2018,Robotics & Automation,2.580170334,0.002059732
Singapore,SG,Other Asian countries,Asia,2009-2018,AI Services,1.39995236,0.017171187
Singapore,SG,Other Asian countries,Asia,2009-2018,Computer Vision,0.721435868,0.008848808
Singapore,SG,Other Asian countries,Asia,2009-2018,Connected and Automated Vehicles,0.444962347,0.005457708
Singapore,SG,Other Asian countries,Asia,2009-2018,Machine Learning,0.950020609,0.011652526
Singapore,SG,Other Asian countries,Asia,2009-2018,Natural Language Processing,0.830877378,0.010191169
Singapore,SG,Other Asian countries,Asia,2009-2018,Robotics & Automation,3.106672296,0.038105046
Sri Lanka,LK,Other Asian countries,Asia,2009-2018,AI Services,2.222732944,0.000131328
Sri Lanka,LK,Other Asian countries,Asia,2009-2018,Robotics & Automation,17.43048404,0.001029866
Taiwan,TW,Other Asian countries,Asia,2009-2018,AI Services,0.27478055,0.003151881
Taiwan,TW,Other Asian countries,Asia,2009-2018,Computer Vision,2.174051994,0.02493755
Taiwan,TW,Other Asian countries,Asia,2009-2018,Connected and Automated Vehicles,1.245426487,0.014285714
Taiwan,TW,Other Asian countries,Asia,2009-2018,Machine Learning,0.830155067,0.009522327
Taiwan,TW,Other Asian countries,Asia,2009-2018,Natural Language Processing,1.482339199,0.017003231
Taiwan,TW,Other Asian countries,Asia,2009-2018,Robotics & Automation,0.089783578,0.001029866
Thailand,TH,Other Asian countries,Asia,2009-2018,AI Services,0.427027511,0.000853635
Thailand,TH,Other Asian countries,Asia,2009-2018,Computer Vision,1.270789548,0.002540328
Thailand,TH,Other Asian countries,Asia,2009-2018,Connected and Automated Vehicles,0.78316447,0.001565558
Thailand,TH,Other Asian countries,Asia,2009-2018,Machine Learning,1.382326134,0.002763291
Thailand,TH,Other Asian countries,Asia,2009-2018,Natural Language Processing,1.616304702,0.003231018
Thailand,TH,Other Asian countries,Asia,2009-2018,Robotics & Automation,0.51518672,0.001029866
Timor-Leste,TL,Other Asian countries,Asia,2009-2018,Machine Learning,3.95228458,3.89196E-05
Uzbekistan,UZ,Other Asian countries,Asia,2009-2018,AI Services,1.587666388,0.000131328
Uzbekistan,UZ,Other Asian countries,Asia,2009-2018,Connected and Automated Vehicles,0.315441245,2.60926E-05
Uzbekistan,UZ,Other Asian countries,Asia,2009-2018,Machine Learning,0.941020138,7.78392E-05
Uzbekistan,UZ,Other Asian countries,Asia,2009-2018,Natural Language Processing,1.953034849,0.000161551
Viet Nam,VN,Other Asian countries,Asia,2009-2018,AI Services,0.242970808,0.000590978
Viet Nam,VN,Other Asian countries,Asia,2009-2018,Computer Vision,0.234993168,0.000571574
Viet Nam,VN,Other Asian countries,Asia,2009-2018,Connected and Automated Vehicles,4.103290365,0.009980431
Viet Nam,VN,Other Asian countries,Asia,2009-2018,Machine Learning,0.304021891,0.000739472
Viet Nam,VN,Other Asian countries,Asia,2009-2018,Natural Language Processing,1.594055974,0.003877221
South Korea,KR,South Korea,Asia,2009-2018,AI Services,0.175781917,0.008454265
South Korea,KR,South Korea,Asia,2009-2018,Computer Vision,1.498819957,0.072086032
South Korea,KR,South Korea,Asia,2009-2018,Connected and Automated Vehicles,1.472943251,0.070841487
South Korea,KR,South Korea,Asia,2009-2018,Machine Learning,0.472449628,0.022722555
South Korea,KR,South Korea,Asia,2009-2018,Natural Language Processing,3.035960029,0.146015078
South Korea,KR,South Korea,Asia,2009-2018,Robotics & Automation,0.149891551,0.007209063
_Total_,_Total_,EU28,Europe,2009-2018,AI Services,1.906488515,0.244392903
_Total_,_Total_,EU28,Europe,2009-2018,Computer Vision,0.256100186,0.032829502
_Total_,_Total_,EU28,Europe,2009-2018,Connected and Automated Vehicles,0.577104747,0.0739791
_Total_,_Total_,EU28,Europe,2009-2018,Machine Learning,0.852755229,0.109314756
_Total_,_Total_,EU28,Europe,2009-2018,Natural Language Processing,0.397008654,0.050892569
_Total_,_Total_,EU28,Europe,2009-2018,Robotics & Automation,1.944873073,0.249313423
Austria,AT,EU28,Europe,2009-2018,AI Services,1.53417886,0.015046242
Austria,AT,EU28,Europe,2009-2018,Computer Vision,0.211972291,0.015475883
Austria,AT,EU28,Europe,2009-2018,Connected and Automated Vehicles,0.217724442,0.007054054
Austria,AT,EU28,Europe,2009-2018,Machine Learning,1.672495118,0.036671335
Austria,AT,EU28,Europe,2009-2018,Natural Language Processing,0.148283007,0.006983573
Austria,AT,EU28,Europe,2009-2018,Robotics & Automation,1.718700152,0.016523236
Belgium,BE,EU28,Europe,2009-2018,AI Services,1.992201818,0.017285266
Belgium,BE,EU28,Europe,2009-2018,Computer Vision,0.299501097,0.019344854
Belgium,BE,EU28,Europe,2009-2018,Connected and Automated Vehicles,0.317882741,0.009111487
Belgium,BE,EU28,Europe,2009-2018,Machine Learning,0.997248276,0.019344426
Belgium,BE,EU28,Europe,2009-2018,Natural Language Processing,0.228559496,0.009523054
Belgium,BE,EU28,Europe,2009-2018,Robotics & Automation,1.457037365,0.012392427
Bulgaria,BG,EU28,Europe,2009-2018,AI Services,2.763792937,0.005642341
Bulgaria,BG,EU28,Europe,2009-2018,Connected and Automated Vehicles,0.217903492,0.001469595
Bulgaria,BG,EU28,Europe,2009-2018,Machine Learning,0.078005617,0.000356032
Bulgaria,BG,EU28,Europe,2009-2018,Natural Language Processing,0.32379262,0.003174351
Bulgaria,BG,EU28,Europe,2009-2018,Robotics & Automation,4.128272535,0.008261618
Croatia,HR,EU28,Europe,2009-2018,AI Services,1.667049708,0.002955512
Croatia,HR,EU28,Europe,2009-2018,Computer Vision,0.586296087,0.007737942
Croatia,HR,EU28,Europe,2009-2018,Connected and Automated Vehicles,0.301103007,0.001763514
Croatia,HR,EU28,Europe,2009-2018,Machine Learning,0.538947897,0.002136194
Croatia,HR,EU28,Europe,2009-2018,Natural Language Processing,1.864260538,0.015871756
Cyprus,CY,EU28,Europe,2009-2018,AI Services,2.439584938,0.002015122
Cyprus,CY,EU28,Europe,2009-2018,Computer Vision,0.6291958,0.003868971
Cyprus,CY,EU28,Europe,2009-2018,Machine Learning,0.38558874,0.000712065
Cyprus,CY,EU28,Europe,2009-2018,Natural Language Processing,0.600200954,0.002380763
Czechia,CZ,EU28,Europe,2009-2018,AI Services,1.777797765,0.008194828
Czechia,CZ,EU28,Europe,2009-2018,Computer Vision,0.620120861,0.02127934
Czechia,CZ,EU28,Europe,2009-2018,Connected and Automated Vehicles,0.752757516,0.011462838
Czechia,CZ,EU28,Europe,2009-2018,Machine Learning,0.898246495,0.009256842
Czechia,CZ,EU28,Europe,2009-2018,Natural Language Processing,0.243787916,0.005396397
Denmark,DK,EU28,Europe,2009-2018,AI Services,2.202340898,0.019345169
Denmark,DK,EU28,Europe,2009-2018,Computer Vision,0.147918737,0.009672427
Denmark,DK,EU28,Europe,2009-2018,Connected and Automated Vehicles,0.344380809,0.009993243
Denmark,DK,EU28,Europe,2009-2018,Machine Learning,0.791665566,0.015546747
Denmark,DK,EU28,Europe,2009-2018,Natural Language Processing,0.376272769,0.015871756
Denmark,DK,EU28,Europe,2009-2018,Robotics & Automation,0.959476186,0.008261618
Estonia,EE,EU28,Europe,2009-2018,AI Services,2.549605435,0.006985755
Estonia,EE,EU28,Europe,2009-2018,Computer Vision,0.189684028,0.003868971
Estonia,EE,EU28,Europe,2009-2018,Machine Learning,0.232487328,0.00142413
Estonia,EE,EU28,Europe,2009-2018,Natural Language Processing,0.965028984,0.012697405
Estonia,EE,EU28,Europe,2009-2018,Robotics & Automation,1.537983886,0.004130809
Finland,FI,EU28,Europe,2009-2018,AI Services,1.822691019,0.021763315
Finland,FI,EU28,Europe,2009-2018,Computer Vision,0.457033957,0.040624194
Finland,FI,EU28,Europe,2009-2018,Connected and Automated Vehicles,0.458259132,0.018076014
Finland,FI,EU28,Europe,2009-2018,Machine Learning,0.758002836,0.020234507
Finland,FI,EU28,Europe,2009-2018,Natural Language Processing,0.655112477,0.037563156
Finland,FI,EU28,Europe,2009-2018,Robotics & Automation,2.176359649,0.025473322
France,FR,EU28,Europe,2009-2018,AI Services,1.891669477,0.110428671
France,FR,EU28,Europe,2009-2018,Computer Vision,0.306410311,0.13315708
France,FR,EU28,Europe,2009-2018,Connected and Automated Vehicles,0.326409875,0.062947636
France,FR,EU28,Europe,2009-2018,Machine Learning,1.017086372,0.132740737
France,FR,EU28,Europe,2009-2018,Natural Language Processing,0.326874325,0.091632939
France,FR,EU28,Europe,2009-2018,Robotics & Automation,2.021220166,0.115662651
Germany,DE,EU28,Europe,2009-2018,AI Services,1.463421388,0.129003615
Germany,DE,EU28,Europe,2009-2018,Computer Vision,0.222859153,0.146247098
Germany,DE,EU28,Europe,2009-2018,Connected and Automated Vehicles,1.409976659,0.410604735
Germany,DE,EU28,Europe,2009-2018,Machine Learning,0.889539528,0.175310342
Germany,DE,EU28,Europe,2009-2018,Natural Language Processing,0.416180053,0.176176494
Germany,DE,EU28,Europe,2009-2018,Robotics & Automation,1.979861632,0.171084337
Greece,EL,EU28,Europe,2009-2018,AI Services,1.807039496,0.007254438
Greece,EL,EU28,Europe,2009-2018,Connected and Automated Vehicles,0.558486139,0.007406757
Greece,EL,EU28,Europe,2009-2018,Machine Learning,1.000963341,0.008983884
Greece,EL,EU28,Europe,2009-2018,Natural Language Processing,0.658634703,0.012697405
Greece,EL,EU28,Europe,2009-2018,Robotics & Automation,2.099355722,0.008261618
Hungary,HU,EU28,Europe,2009-2018,AI Services,2.447819824,0.007791804
Hungary,HU,EU28,Europe,2009-2018,Computer Vision,0.40818082,0.009672427
Hungary,HU,EU28,Europe,2009-2018,Connected and Automated Vehicles,0.754663232,0.007935811
Hungary,HU,EU28,Europe,2009-2018,Machine Learning,0.216791981,0.001542807
Hungary,HU,EU28,Europe,2009-2018,Natural Language Processing,0.276885953,0.004232468
Ireland,IE,EU28,Europe,2009-2018,AI Services,1.839557762,0.02475721
Ireland,IE,EU28,Europe,2009-2018,Computer Vision,1.4417158,0.144441579
Ireland,IE,EU28,Europe,2009-2018,Connected and Automated Vehicles,0.083737902,0.003722973
Ireland,IE,EU28,Europe,2009-2018,Machine Learning,0.280045447,0.0084261
Ireland,IE,EU28,Europe,2009-2018,Natural Language Processing,0.937317507,0.060577203
Ireland,IE,EU28,Europe,2009-2018,Robotics & Automation,1.409017624,0.01858864
Italy,IT,EU28,Europe,2009-2018,AI Services,1.818641697,0.03524224
Italy,IT,EU28,Europe,2009-2018,Computer Vision,0.174328404,0.025148311
Italy,IT,EU28,Europe,2009-2018,Connected and Automated Vehicles,0.45453448,0.029097973
Italy,IT,EU28,Europe,2009-2018,Machine Learning,1.066689503,0.046213002
Italy,IT,EU28,Europe,2009-2018,Natural Language Processing,0.320650745,0.029838902
Italy,IT,EU28,Europe,2009-2018,Robotics & Automation,2.609498581,0.049569707
Latvia,LV,EU28,Europe,2009-2018,AI Services,3.000689474,0.002418146
Latvia,LV,EU28,Europe,2009-2018,Connected and Automated Vehicles,0.662426614,0.001763514
Latvia,LV,EU28,Europe,2009-2018,Natural Language Processing,0,0
Lithuania,LT,EU28,Europe,2009-2018,AI Services,1.98243749,0.002955512
Lithuania,LT,EU28,Europe,2009-2018,Computer Vision,1.394433936,0.015475883
Lithuania,LT,EU28,Europe,2009-2018,Connected and Automated Vehicles,0.895171101,0.004408784
Lithuania,LT,EU28,Europe,2009-2018,Natural Language Processing,0,0
Lithuania,LT,EU28,Europe,2009-2018,Robotics & Automation,2.826564979,0.004130809
Luxembourg,LU,EU28,Europe,2009-2018,AI Services,1.827831152,0.002418146
Luxembourg,LU,EU28,Europe,2009-2018,Connected and Automated Vehicles,0.201754299,0.000881757
Luxembourg,LU,EU28,Europe,2009-2018,Machine Learning,0.822556689,0.002432888
Luxembourg,LU,EU28,Europe,2009-2018,Natural Language Processing,1.249149193,0.007935878
Luxembourg,LU,EU28,Europe,2009-2018,Robotics & Automation,3.185266118,0.004130809
Malta,MT,EU28,Europe,2009-2018,AI Services,2.889552827,0.003492878
Malta,MT,EU28,Europe,2009-2018,Machine Learning,0.263485639,0.000712065
Malta,MT,EU28,Europe,2009-2018,Natural Language Processing,0,0
Malta,MT,EU28,Europe,2009-2018,Robotics & Automation,3.486096807,0.004130809
Netherlands,NL,EU28,Europe,2009-2018,AI Services,1.888328882,0.056423408
Netherlands,NL,EU28,Europe,2009-2018,Computer Vision,0.339175198,0.075444932
Netherlands,NL,EU28,Europe,2009-2018,Connected and Automated Vehicles,0.500832277,0.049437163
Netherlands,NL,EU28,Europe,2009-2018,Machine Learning,0.906927351,0.060584843
Netherlands,NL,EU28,Europe,2009-2018,Natural Language Processing,0.394522345,0.056609264
Netherlands,NL,EU28,Europe,2009-2018,Robotics & Automation,1.457306617,0.042685026
Poland,PL,EU28,Europe,2009-2018,AI Services,2.024464692,0.019166047
Poland,PL,EU28,Europe,2009-2018,Computer Vision,0.16469108,0.011606913
Poland,PL,EU28,Europe,2009-2018,Connected and Automated Vehicles,0.567391479,0.017745355
Poland,PL,EU28,Europe,2009-2018,Machine Learning,0.613974338,0.012995182
Poland,PL,EU28,Europe,2009-2018,Natural Language Processing,0.465486582,0.021162342
Poland,PL,EU28,Europe,2009-2018,Robotics & Automation,3.635085871,0.03373494
Portugal,PT,EU28,Europe,2009-2018,AI Services,2.202962765,0.013971511
Portugal,PT,EU28,Europe,2009-2018,Computer Vision,0.245842069,0.011606913
Portugal,PT,EU28,Europe,2009-2018,Connected and Automated Vehicles,0.021042777,0.000440878
Portugal,PT,EU28,Europe,2009-2018,Machine Learning,0.876332477,0.01242553
Portugal,PT,EU28,Europe,2009-2018,Natural Language Processing,0.625368211,0.019046107
Romania,RO,EU28,Europe,2009-2018,AI Services,1.458960754,0.006985755
Romania,RO,EU28,Europe,2009-2018,Computer Vision,0.434171576,0.015475883
Romania,RO,EU28,Europe,2009-2018,Connected and Automated Vehicles,2.006790305,0.031743244
Romania,RO,EU28,Europe,2009-2018,Machine Learning,0.360306448,0.003857017
Romania,RO,EU28,Europe,2009-2018,Natural Language Processing,0.552218549,0.012697405
Romania,RO,EU28,Europe,2009-2018,Robotics & Automation,1.760161081,0.008261618
Slovakia,SK,EU28,Europe,2009-2018,AI Services,1.714679699,0.001612097
Slovakia,SK,EU28,Europe,2009-2018,Computer Vision,0.552793453,0.003868971
Slovakia,SK,EU28,Europe,2009-2018,Connected and Automated Vehicles,0.567794241,0.001763514
Slovakia,SK,EU28,Europe,2009-2018,Machine Learning,0.564612083,0.001186775
Slovakia,SK,EU28,Europe,2009-2018,Natural Language Processing,0.703092546,0.003174351
Slovakia,SK,EU28,Europe,2009-2018,Robotics & Automation,4.482124467,0.004130809
Slovenia,SI,EU28,Europe,2009-2018,AI Services,1.931478282,0.00188078
Slovenia,SI,EU28,Europe,2009-2018,Computer Vision,0.53373161,0.003868971
Slovenia,SI,EU28,Europe,2009-2018,Connected and Automated Vehicles,0.730953506,0.002351351
Slovenia,SI,EU28,Europe,2009-2018,Machine Learning,0.899485456,0.001958178
Slovenia,SI,EU28,Europe,2009-2018,Natural Language Processing,0,0
Spain,ES,EU28,Europe,2009-2018,AI Services,2.380874353,0.060901457
Spain,ES,EU28,Europe,2009-2018,Computer Vision,0.223497484,0.042558679
Spain,ES,EU28,Europe,2009-2018,Connected and Automated Vehicles,0.328691599,0.027775338
Spain,ES,EU28,Europe,2009-2018,Machine Learning,0.501169192,0.028660606
Spain,ES,EU28,Europe,2009-2018,Natural Language Processing,0.264882595,0.0325371
Spain,ES,EU28,Europe,2009-2018,Robotics & Automation,2.223999801,0.055765921
Sweden,SE,EU28,Europe,2009-2018,AI Services,1.668622923,0.036809557
Sweden,SE,EU28,Europe,2009-2018,Computer Vision,0.28271576,0.04642765
Sweden,SE,EU28,Europe,2009-2018,Connected and Automated Vehicles,1.697961002,0.123739866
Sweden,SE,EU28,Europe,2009-2018,Machine Learning,0.466107049,0.022987824
Sweden,SE,EU28,Europe,2009-2018,Natural Language Processing,0.518149676,0.054889824
Sweden,SE,EU28,Europe,2009-2018,Robotics & Automation,0.955124091,0.020654045
United Kingdom,UK,EU28,Europe,2009-2018,AI Services,2.073905038,0.377253178
United Kingdom,UK,EU28,Europe,2009-2018,Computer Vision,0.142617459,0.193126128
United Kingdom,UK,EU28,Europe,2009-2018,Connected and Automated Vehicles,0.261765457,0.157302608
United Kingdom,UK,EU28,Europe,2009-2018,Machine Learning,0.917918418,0.373299945
United Kingdom,UK,EU28,Europe,2009-2018,Natural Language Processing,0.351825121,0.307330106
United Kingdom,UK,EU28,Europe,2009-2018,Robotics & Automation,2.15442355,0.384165232
Albania,AL,Other European countries,Europe,2009-2018,AI Services,3.334099416,6.56642E-05
Belarus,BY,Other European countries,Europe,2009-2018,AI Services,2.970979677,0.000984963
Belarus,BY,Other European countries,Europe,2009-2018,Connected and Automated Vehicles,0.590281142,0.000195695
Belarus,BY,Other European countries,Europe,2009-2018,Machine Learning,0.078263061,2.59464E-05
Belarus,BY,Other European countries,Europe,2009-2018,Natural Language Processing,0,0
Bosnia and Herzegovina,BA,Other European countries,Europe,2009-2018,AI Services,2.105746999,0.000262657
Bosnia and Herzegovina,BA,Other European countries,Europe,2009-2018,Connected and Automated Vehicles,2.091873519,0.000260926
Bosnia and Herzegovina,BA,Other European countries,Europe,2009-2018,Machine Learning,0.208014978,2.59464E-05
Bosnia and Herzegovina,BA,Other European countries,Europe,2009-2018,Natural Language Processing,0,0
Georgia,GE,Other European countries,Europe,2009-2018,AI Services,3.137975921,0.000525314
Georgia,GE,Other European countries,Europe,2009-2018,Machine Learning,0.232487328,3.89196E-05
Georgia,GE,Other European countries,Europe,2009-2018,Natural Language Processing,0,0
Iceland,IS,Other European countries,Europe,2009-2018,AI Services,2.083812135,0.000328321
Iceland,IS,Other European countries,Europe,2009-2018,Connected and Automated Vehicles,0.828033268,0.000130463
Iceland,IS,Other European countries,Europe,2009-2018,Machine Learning,0.494035573,7.78392E-05
Iceland,IS,Other European countries,Europe,2009-2018,Natural Language Processing,0,0
Iceland,IS,Other European countries,Europe,2009-2018,Robotics & Automation,6.536431514,0.001029866
"Kosovo, Republic of",XK,Other European countries,Europe,2009-2018,AI Services,2.500574562,6.56642E-05
"Kosovo, Republic of",XK,Other European countries,Europe,2009-2018,Robotics & Automation,13.07286303,0.000343289
Liechtenstein,LI,Other European countries,Europe,2009-2018,AI Services,3.334099416,0.000131328
"Macedonia, the former Yugoslav Republic of",MK,Other European countries,Europe,2009-2018,AI Services,3.334099416,6.56642E-05
"Moldova, Republic of",MD,Other European countries,Europe,2009-2018,Natural Language Processing,4.101373183,0.000161551
"Moldova, Republic of",MD,Other European countries,Europe,2009-2018,Robotics & Automation,26.14572606,0.001029866
Monaco,MC,Other European countries,Europe,2009-2018,AI Services,3.334099416,0.000131328
Norway,NO,Other European countries,Europe,2009-2018,AI Services,2.410701903,0.003742859
Norway,NO,Other European countries,Europe,2009-2018,Computer Vision,0.245426269,0.000381049
Norway,NO,Other European countries,Europe,2009-2018,Connected and Automated Vehicles,0.672229968,0.001043705
Norway,NO,Other European countries,Europe,2009-2018,Machine Learning,0.142048283,0.000220544
Norway,NO,Other European countries,Europe,2009-2018,Natural Language Processing,0.624310506,0.000969305
Norway,NO,Other European countries,Europe,2009-2018,Robotics & Automation,1.326633035,0.002059732
Russia,RU,Other European countries,Europe,2009-2018,AI Services,0.752537158,0.008076696
Russia,RU,Other European countries,Europe,2009-2018,Computer Vision,0.863926573,0.009272196
Russia,RU,Other European countries,Europe,2009-2018,Connected and Automated Vehicles,2.005396265,0.021523157
Russia,RU,Other European countries,Europe,2009-2018,Machine Learning,0.837482987,0.008988387
Russia,RU,Other European countries,Europe,2009-2018,Natural Language Processing,0.895613313,0.009612278
Russia,RU,Other European countries,Europe,2009-2018,Robotics & Automation,0.863609684,0.009268795
Serbia,RS,Other European countries,Europe,2009-2018,AI Services,2.222732944,0.000590978
Serbia,RS,Other European countries,Europe,2009-2018,Computer Vision,0.238861369,6.35082E-05
Serbia,RS,Other European countries,Europe,2009-2018,Connected and Automated Vehicles,0.981372762,0.000260926
Serbia,RS,Other European countries,Europe,2009-2018,Natural Language Processing,1.215221684,0.000323102
Switzerland,CH,Other European countries,Europe,2009-2018,AI Services,1.504184861,0.008634841
Switzerland,CH,Other European countries,Europe,2009-2018,Computer Vision,0.342955912,0.001968754
Switzerland,CH,Other European countries,Europe,2009-2018,Connected and Automated Vehicles,0.203998394,0.001171062
Switzerland,CH,Other European countries,Europe,2009-2018,Machine Learning,1.344654899,0.007719052
Switzerland,CH,Other European countries,Europe,2009-2018,Natural Language Processing,0.54408022,0.003123317
Switzerland,CH,Other European countries,Europe,2009-2018,Robotics & Automation,3.049836367,0.017507724
Ukraine,UA,Other European countries,Europe,2009-2018,AI Services,2.201763765,0.002954889
Ukraine,UA,Other European countries,Europe,2009-2018,Computer Vision,0.189286368,0.000254033
Ukraine,UA,Other European countries,Europe,2009-2018,Connected and Automated Vehicles,1.101729799,0.001478582
Ukraine,UA,Other European countries,Europe,2009-2018,Machine Learning,0.182285662,0.000244637
Ukraine,UA,Other European countries,Europe,2009-2018,Natural Language Processing,0.321001954,0.000430802
Ukraine,UA,Other European countries,Europe,2009-2018,Robotics & Automation,3.069519201,0.004119464
Australia,AU,Oceania,Oceania,2009-2018,AI Services,2.028618079,0.017598004
Australia,AU,Oceania,Oceania,2009-2018,Computer Vision,0.168381538,0.001460688
Australia,AU,Oceania,Oceania,2009-2018,Connected and Automated Vehicles,0.243133728,0.002109154
Australia,AU,Oceania,Oceania,2009-2018,Machine Learning,1.01484044,0.008803612
Australia,AU,Oceania,Oceania,2009-2018,Natural Language Processing,0.283067379,0.002455574
Australia,AU,Oceania,Oceania,2009-2018,Robotics & Automation,1.958851884,0.016992791
Marshall Islands,MH,Oceania,Oceania,2009-2018,AI Services,3.334099416,6.56642E-05
New Zealand,NZ,Oceania,Oceania,2009-2018,AI Services,1.852277453,0.001641605
New Zealand,NZ,Oceania,Oceania,2009-2018,Computer Vision,0.549381148,0.000486896
New Zealand,NZ,Oceania,Oceania,2009-2018,Connected and Automated Vehicles,0.466152062,0.000413133
New Zealand,NZ,Oceania,Oceania,2009-2018,Machine Learning,0.790456916,0.000700553
New Zealand,NZ,Oceania,Oceania,2009-2018,Natural Language Processing,0.72913301,0.000646204
Papua New Guinea,PG,Oceania,Oceania,2009-2018,Computer Vision,2.198610325,0.001905246
Papua New Guinea,PG,Oceania,Oceania,2009-2018,Connected and Automated Vehicles,0.752757516,0.000652316
Papua New Guinea,PG,Oceania,Oceania,2009-2018,Machine Learning,0.538947897,0.000467035
Papua New Guinea,PG,Oceania,Oceania,2009-2018,Natural Language Processing,3.355668968,0.002907916
Solomon Islands,SB,Oceania,Oceania,2009-2018,Computer Vision,6.449256954,0.000127016
